v,re,s,ra,a_s
1.0,1.6,3.4,2.0,0.06054811141120418
1.0,2.0,3.2,1.6,0.05185547309998633
1.0,0.8,2.2,0.8,0.0855369873012778
1.0,1.8,1.8,1.4,0.004528198064126839
1.0,1.4,1.8,1.0,0.0708358891555091
1.0,1.4,2.8,0.6,0.07351097490652962
1.0,0.4,2.2,1.0,0.09524963635638503
1.0,1.6,3.2,2.0,0.0607401836662815
1.0,1.4,3.2,1.2,0.010488304855624195
1.0,1.2,3.8,0.6,0.07646134561790556
1.0,0.8,4.0,0.6,0.08532858341341155
1.0,0.4,2.8,0.6,0.09656948166742622
1.0,1.2,4.0,1.0,0.04400186192941578
1.0,1.6,3.0,1.6,0.03350167666447443
1.0,1.4,2.0,1.4,0.011535729219692795
1.0,1.0,2.8,1.0,0.049095270359154015
1.0,0.6,4.0,1.8,0.08751094027319839
1.2,1.8,2.8,1.6,0.06957818291430183
1.0,1.2,1.4,1.6,0.07328563028228023
1.0,2.0,1.8,1.8,0.028069207488007168
1.0,1.8,2.0,1.2,0.06016460860152526
1.0,0.6,3.6,2.0,0.08789542177742278
1.0,0.4,1.2,2.0,0.09514629813749717
1.0,0.4,2.6,1.0,0.09505490990293017
1.0,0.6,1.8,1.0,0.09056820493817787
1.0,1.8,3.0,1.4,0.031272999511863714
1.0,2.0,2.2,0.4,0.07268307853160202
1.0,1.8,4.0,2.0,0.054418677913634916
1.0,1.8,1.8,1.4,0.004528198064126839
1.0,1.6,3.0,0.6,0.06897229854779115
1.0,1.8,2.4,2.0,0.056991539192735814
1.0,0.8,1.8,1.6,0.08311797608410099
1.0,0.8,3.0,1.0,0.08337417220087909
1.0,2.0,1.4,1.4,0.05798537663918912
1.0,0.4,3.4,1.4,0.09505205294841322
1.0,1.4,4.0,0.8,0.06930304056533394
1.0,1.2,3.8,1.2,0.04359989524630576
1.0,1.6,1.0,0.4,0.09287307996062827
1.0,0.6,2.6,0.6,0.09159014331022036
1.2,1.8,3.0,1.2,0.07060211105712566
1.0,2.0,3.4,0.2,0.09387586297544304
1.0,1.8,1.4,2.0,0.031740126449712414
1.0,0.8,2.4,0.6,0.08701393390482819
1.0,2.0,2.4,1.4,0.028859865230187107
1.0,1.0,2.0,0.4,0.09031789785487154
1.0,1.8,4.0,0.8,0.060884876403064024
1.0,1.4,1.4,1.8,0.06759645496878051
1.0,1.6,3.0,0.2,0.09619965606988484
1.0,2.0,1.6,1.0,0.059126972502237224
1.0,1.8,3.2,1.6,0.05635233135932685
1.0,1.0,3.0,1.4,0.04771722177237588
1.0,0.6,3.0,1.4,0.08900848690437259
1.0,1.6,2.4,0.4,0.07394447697961655
1.0,2.0,1.4,0.6,0.06420897090365715
1.0,2.0,3.4,0.2,0.09387586297544304
1.0,1.8,3.6,1.8,0.05515207535065193
1.0,1.2,2.6,0.4,0.08073219785888687
1.0,0.4,4.0,2.0,0.09365538448954576
1.0,1.6,2.6,0.8,0.06690503700500225
1.0,0.4,2.0,1.2,0.09507752735094972
1.0,1.6,2.2,1.0,0.06592134810228095
1.0,2.0,4.0,1.2,0.026374314811523192
1.0,1.6,2.8,1.8,0.06100595003154639
1.0,0.8,3.0,1.2,0.08319641601525887
1.0,1.2,3.4,1.2,0.014292851464542174
1.0,1.0,1.4,0.6,0.08398260587396056
1.0,1.6,2.4,0.4,0.07394447697961655
1.0,1.6,2.8,1.2,0.006860535210551728
1.0,1.8,1.2,0.6,0.07037514048720737
1.0,1.8,2.0,0.8,0.06396270188723224
1.0,1.2,1.6,1.2,0.07507072640879267
1.0,1.2,4.0,0.2,0.09875488033513552
1.0,0.6,1.6,0.6,0.09279534882630798
1.0,1.4,3.2,0.6,0.07300796163992143
1.0,0.8,1.2,1.8,0.08306489385808659
1.0,1.0,2.0,1.8,0.07683292859896274
1.0,0.6,3.2,1.6,0.08844314555729868
1.0,0.8,3.6,0.8,0.08367196286876334
1.0,0.8,3.8,2.0,0.0816944284246522
1.0,2.0,1.2,1.8,0.0565629387829037
1.0,1.2,3.2,0.8,0.0745477224247234
1.0,1.0,3.4,1.0,0.04869632582106773
1.0,0.6,3.6,0.8,0.08907137925277903
1.0,1.8,4.0,1.6,0.05499845118154738
1.0,0.6,1.8,1.4,0.0895524340721625
1.0,1.2,1.4,1.8,0.07232100390607782
1.0,0.6,3.6,1.4,0.08864403101719948
1.0,1.6,1.6,1.6,0.03669320318580637
1.0,1.4,1.6,0.4,0.08860586152346417
1.0,1.4,2.2,2.0,0.06442618667204346
1.0,1.6,3.2,2.0,0.0607401836662815
1.0,1.6,3.6,2.0,0.0602897091390276
1.0,1.6,1.2,1.2,0.06796348367235262
1.0,0.4,3.0,1.0,0.09492584934823416
1.0,0.8,2.8,2.0,0.08198998279370763
1.0,0.6,2.0,1.4,0.08943275894770998
1.0,2.0,4.0,0.6,0.05968930540954258
1.0,1.6,1.2,0.4,0.09042551032847662
1.0,1.8,3.0,1.2,0.003203101490726697
1.0,0.6,2.8,1.8,0.08830236224804874
1.2,0.8,1.0,1.0,0.17515228901951482
1.0,0.2,1.4,2.0,0.10092605696801886
1.2,2.0,4.0,0.8,0.10684834484962484
1.0,0.2,4.0,0.6,0.10112046432866048
1.2,0.6,1.6,1.8,0.17621735175117798
1.2,0.8,1.8,1.4,0.16948312799584975
1.2,1.2,2.4,0.8,0.16322482074281555
1.2,1.6,3.2,0.6,0.1559847519506092
1.2,1.0,3.4,1.4,0.12424935166610412
1.2,0.6,2.6,0.4,0.1808440744529072
1.2,0.6,2.2,1.8,0.17536845021479547
1.0,0.2,1.6,1.2,0.1012125948264192
1.2,1.2,2.6,0.8,0.16279104746795536
1.2,0.4,2.4,0.4,0.1858098482556983
1.4,1.4,3.2,1.2,0.14492365804220894
1.2,0.2,3.6,2.0,0.18729490973816806
1.2,1.4,1.6,0.8,0.1608277334549252
1.4,1.6,1.8,1.6,0.14160796699877282
1.2,1.0,3.6,1.6,0.16176670847222135
1.2,0.2,1.0,0.4,0.1890707726250216
1.2,0.4,1.6,1.8,0.1823710591291514
1.2,1.4,3.8,0.6,0.15942859065918236
1.2,1.6,4.0,1.0,0.11224180451281507
1.2,0.4,1.2,0.4,0.18676998414913085
1.4,2.0,3.2,1.4,0.1470938470027981
1.0,0.2,1.6,1.4,0.10105180056956167
1.2,0.2,1.2,1.4,0.18894608362934484
1.2,0.2,3.4,0.8,0.18821527444493769
1.4,1.6,3.4,1.0,0.18980247878466427
1.2,0.8,3.4,0.8,0.17083885347530253
1.2,1.8,2.8,0.4,0.15610425747558573
1.2,1.2,2.2,1.6,0.12004296836699628
1.0,0.2,3.8,0.8,0.10074588172501724
1.2,1.0,2.4,1.0,0.1656273975306199
1.2,0.6,4.0,0.8,0.17582164843310333
1.4,1.6,1.4,1.8,0.14534828226111055
1.2,0.8,1.6,0.4,0.18291072128254546
1.2,0.4,3.8,0.6,0.1834961566452088
1.2,2.0,3.6,0.6,0.14781222239278125
1.2,1.4,3.6,0.4,0.1611410825325789
1.2,2.0,1.6,0.4,0.16962870690614182
1.2,1.8,1.8,1.2,0.1485249776550796
1.2,1.4,3.0,2.0,0.15266734935766946
1.2,1.4,1.0,2.0,0.1599129201946464
1.2,0.2,2.6,1.8,0.1878693235250629
1.2,2.0,2.8,0.2,0.18045746789018166
1.0,0.2,3.2,1.2,0.100797271072285
1.2,0.6,1.4,0.8,0.17973307620756632
1.2,1.4,2.4,1.6,0.1153224979157687
1.4,2.0,2.6,1.8,0.17993190505691226
1.4,1.6,3.8,1.2,0.18912605095395335
1.0,0.2,1.8,2.0,0.10085563406682764
1.2,2.0,3.0,1.8,0.1382221508981459
1.2,1.4,2.8,1.2,0.11689848985973655
1.2,0.4,4.0,1.6,0.18132615539030547
1.4,2.0,1.4,2.0,0.13535143689029328
1.2,1.2,4.0,1.4,0.1187521404377274
1.2,1.2,1.2,0.2,0.1952182321099526
1.2,0.4,1.6,1.8,0.1823710591291514
1.2,0.8,3.8,0.2,0.1863647116225179
1.2,1.0,3.4,1.8,0.16172362338192053
1.2,0.4,2.6,1.8,0.18181716172827464
1.2,1.0,1.2,1.8,0.16845928244635033
1.4,2.0,2.8,1.2,0.13509050534273306
1.2,1.8,1.8,0.2,0.1799990774216302
1.2,0.2,1.2,1.2,0.18924128764497355
1.2,0.8,2.0,0.4,0.18058612744106112
1.2,1.4,4.0,2.0,0.15185445965261393
1.2,1.6,3.4,0.6,0.15554556476698495
1.2,1.2,3.4,0.8,0.16113180351531636
1.0,0.2,3.0,1.2,0.10074448227277484
1.2,0.8,4.0,0.4,0.17445324922606262
1.2,1.4,3.8,0.2,0.18345084131033096
1.4,1.8,2.8,1.2,0.13859225688940455
1.2,0.2,1.6,1.6,0.18831273927651396
1.2,1.2,1.0,0.2,0.1965346888519727
1.2,0.8,1.6,1.6,0.1700308041125868
1.0,0.2,2.6,0.4,0.10303741856216518
1.2,0.8,1.4,2.0,0.17006649598788093
1.4,1.8,3.8,1.2,0.18554837922615025
1.0,0.2,3.0,0.2,0.10326135715648817
1.4,1.6,3.2,1.6,0.18442077928059425
1.4,2.0,1.6,1.6,0.13480528228031985
1.0,0.6,2.2,0.2,0.10031702483110047
1.2,1.2,4.0,2.0,0.1573075189434566
1.2,0.6,1.4,1.6,0.17574956984363502
1.2,0.6,4.0,1.6,0.17444150755729346
1.2,0.4,4.0,1.2,0.18188652326974908
1.0,0.2,3.2,1.6,0.10080616807245787
1.2,0.6,2.0,2.0,0.17604258165270173
1.0,0.2,3.0,2.0,0.10064233086553293
1.2,0.4,3.8,0.4,0.18468320915683684
1.2,1.2,1.0,0.4,0.18146147766394768
1.2,1.0,1.8,1.0,0.16725832896667564
1.4,1.8,1.8,2.0,0.1387473871326842
1.2,2.0,3.4,1.0,0.10557335043879178
1.2,0.8,1.6,0.6,0.17539942937559275
1.2,1.2,1.8,1.0,0.1630006033140948
1.0,0.2,1.2,2.0,0.10095546978761062
1.4,1.6,3.0,1.6,0.14066642797361545
1.6,1.4,2.2,1.4,0.2691166138163377
1.4,0.4,1.2,2.0,0.2693118876591224
1.4,1.6,1.6,1.4,0.24094287464257014
1.4,1.2,3.2,0.6,0.2510723080441767
1.4,1.4,2.8,0.4,0.2505939152424277
1.4,0.6,2.6,2.0,0.2617102187081338
1.4,1.2,3.0,1.0,0.2455044664035293
1.4,0.2,1.4,0.4,0.27740849203921564
1.4,0.4,2.6,1.0,0.269423271474984
1.4,2.0,1.2,1.6,0.2349469659360233
1.4,1.8,3.4,0.4,0.24182943171113286
1.4,0.4,1.0,2.0,0.2693933165885624
1.4,1.8,2.0,0.2,0.2657287422539917
1.4,1.8,3.4,2.0,0.22903320618076625
1.4,1.4,2.2,1.0,0.24433434974192636
1.4,1.4,2.0,0.6,0.24846341368983624
1.4,0.4,3.6,1.4,0.2690421906670573
1.4,0.8,2.6,1.2,0.2570661643122608
1.4,0.6,2.4,1.2,0.2628545844949421
1.6,1.8,2.0,1.6,0.20573303794592898
1.4,1.2,1.4,1.0,0.25129783849696785
1.8,1.6,3.0,1.4,0.2763440755193744
1.4,0.8,2.2,1.2,0.2564837588305325
1.4,1.6,1.2,1.4,0.2430379447937102
1.4,1.2,4.0,0.2,0.27131028169000304
1.4,1.0,2.4,1.8,0.2494364122003343
1.4,0.6,3.4,1.0,0.2628671062360477
1.4,1.2,2.2,1.2,0.24649831532018096
1.4,1.4,3.6,1.8,0.2385290518910425
1.4,1.0,1.0,0.4,0.2671866069257243
1.4,1.4,3.6,0.6,0.24677857590271
1.6,1.6,2.8,1.4,0.20908260108309132
1.6,1.8,2.4,2.0,0.2616972398674473
1.6,1.4,3.4,1.4,0.2121517986135356
1.4,1.6,4.0,1.6,0.23273801236423464
1.6,1.4,3.6,0.8,0.2734483226019113
1.8,2.0,2.8,1.2,0.27137665220517737
1.4,0.6,2.6,0.6,0.2659477059532081
1.6,2.0,3.2,1.4,0.23371651076085995
1.4,1.0,3.6,1.6,0.24824137508872035
1.4,1.2,1.2,1.0,0.2521550312722457
1.4,1.0,1.2,1.0,0.25661623571590664
1.4,1.0,1.0,1.6,0.25606143408330684
1.4,1.2,2.0,2.0,0.24479326825435144
1.6,1.6,1.8,1.6,0.2092163716375625
1.4,0.8,3.6,1.0,0.25620063427304873
1.4,0.2,2.8,0.6,0.27698219441379457
1.4,1.8,2.2,1.0,0.2356082730117431
1.4,2.0,1.0,0.2,0.2858665495541707
1.4,0.8,2.2,0.2,0.2806778240167781
1.4,1.6,2.6,0.8,0.24152126393673135
1.4,0.4,2.8,1.6,0.2691865221524887
1.6,1.8,3.8,1.0,0.20627308957133533
1.4,1.0,1.0,0.2,0.2847996371859135
1.6,1.6,3.4,1.8,0.2646014328826242
1.4,1.6,2.6,2.0,0.2346776300607949
1.4,1.0,2.8,1.6,0.2500023357492158
1.4,1.2,2.4,1.8,0.2433530184104263
1.4,1.2,2.4,0.4,0.2566143103492936
1.4,0.8,3.0,0.2,0.2823042204361509
1.4,0.6,4.0,1.0,0.2624662369346158
1.4,0.8,1.2,1.6,0.26034911431467284
1.4,0.6,3.8,1.6,0.26156778650419993
1.4,1.8,1.0,1.8,0.2400457591357663
1.4,1.6,3.4,0.4,0.2450243836549627
1.4,0.8,2.2,0.8,0.2595094350071408
1.4,1.4,1.0,0.2,0.27671680287848777
1.4,1.6,2.6,1.8,0.23088394599376044
1.4,1.0,3.2,0.8,0.25258360154863124
1.6,1.6,4.0,1.4,0.2599653924270747
1.4,2.0,1.6,1.2,0.2299892248441641
1.4,1.2,1.4,0.8,0.2525452441921247
1.4,1.0,2.6,0.4,0.25856272560029736
1.4,1.0,1.4,0.4,0.268899810130434
1.4,0.2,1.8,1.0,0.2764042321773221
1.4,0.4,2.4,1.6,0.26915710529545034
1.4,1.4,1.2,0.6,0.25328092264883834
1.4,1.2,2.6,0.4,0.2559879586409256
1.8,1.6,3.6,1.4,0.2751015106467877
1.4,1.0,1.6,0.4,0.26776840964355697
1.6,1.2,3.8,1.4,0.2723019855435341
1.4,2.0,3.2,0.4,0.2392852788353115
1.4,1.0,3.0,0.6,0.2557875280187559
1.4,0.6,1.0,0.4,0.2695464230404986
1.4,0.2,2.6,1.6,0.275297209260912
1.4,1.2,1.4,0.6,0.25447146380847874
1.4,1.6,2.6,2.0,0.2346776300607949
1.4,1.4,3.6,2.0,0.2382245109960766
1.8,1.8,3.2,1.4,0.2730671312369662
1.4,1.2,3.4,2.0,0.2438434891620818
1.4,1.8,2.6,0.4,0.2458260713819933
1.8,2.0,2.0,1.6,0.2709949191367784
1.4,0.8,3.4,0.8,0.2577846527063805
1.6,1.4,2.8,1.2,0.2712366796862933
1.4,0.8,2.8,1.2,0.25716020274007606
1.4,0.6,2.4,1.8,0.26196704114992325
1.4,1.8,1.6,1.2,0.23184772481430374
1.4,0.2,3.4,2.0,0.2747086762464493
1.4,0.4,3.6,0.2,0.2750604265659331
1.4,1.0,2.8,1.0,0.2516603883949367
1.6,2.0,3.6,0.6,0.32291138264284464
1.6,1.8,1.4,1.4,0.3266910857420058
1.6,0.6,2.2,2.0,0.3501258508013028
1.6,1.6,2.6,2.0,0.3211100902739874
1.6,1.2,2.2,0.6,0.3394023616670325
1.6,1.4,1.4,1.8,0.33247366349545443
1.6,1.0,3.0,0.8,0.3401740600310893
1.6,0.8,3.0,1.8,0.3412617598015223
1.6,1.2,2.2,1.0,0.3347168718010649
1.6,1.6,1.2,0.4,0.3479404545616393
1.6,1.8,3.8,1.8,0.3156637158365409
1.6,1.6,1.2,1.4,0.33034732554838425
1.6,2.0,3.6,0.6,0.32291138264284464
1.6,1.6,1.6,0.2,0.3680643348806312
1.6,1.4,2.0,0.4,0.3468334919782001
1.6,0.4,3.6,1.4,0.355829497131644
1.6,0.2,3.8,1.6,0.3620323984464803
1.6,1.0,4.0,1.8,0.3334612169329133
1.6,1.2,1.0,1.0,0.3403995277312942
1.6,0.4,3.6,1.8,0.3548816419181203
1.6,0.2,2.4,0.2,0.3682272402767653
1.6,1.6,2.0,0.4,0.34394958921830177
1.6,0.2,4.0,1.4,0.3623204207726677
1.6,1.0,1.8,0.2,0.3712752626242758
1.6,0.6,2.4,0.6,0.3535417054588072
1.6,0.8,3.8,1.0,0.3433955059786293
1.6,1.2,1.4,1.2,0.33769291784526945
1.6,0.6,2.6,1.6,0.3491498300144426
1.6,1.2,3.2,1.2,0.33253611886055223
1.6,1.6,1.0,0.6,0.3456875229677681
1.8,1.4,3.2,1.6,0.3268405781058097
1.6,0.6,1.8,0.2,0.3680149984259192
1.6,1.0,1.0,1.2,0.3441770807372593
1.6,1.4,4.0,1.8,0.32477497377550474
1.6,0.8,1.8,1.2,0.3425868098555313
1.6,1.2,1.8,0.4,0.3509369875773572
1.8,2.0,3.0,1.0,0.33889867584353794
1.6,0.4,3.0,1.6,0.3560434668584572
1.6,1.8,1.2,1.0,0.32767785909889624
1.6,0.4,2.4,1.4,0.35540070813438124
1.6,1.8,1.0,1.4,0.32849261087380555
1.6,1.0,3.0,1.0,0.3379768802856524
1.6,0.8,3.2,0.8,0.3449111320118251
1.6,1.8,3.8,0.4,0.3282657955598701
1.6,0.2,3.6,0.6,0.363966035711151
1.6,0.2,2.0,0.8,0.36438385860409217
1.6,1.4,2.0,2.0,0.3252856815700086
1.6,0.6,2.8,1.8,0.3484391409236335
2.0,2.0,3.8,2.0,0.33861683785647995
2.0,2.0,4.0,1.6,0.3366107139853137
1.6,1.2,3.2,1.2,0.33253611886055223
1.6,1.4,1.4,1.0,0.3346734151229687
1.6,1.8,1.0,0.6,0.34374948924605325
1.6,0.6,2.2,0.2,0.3665196652705521
1.6,1.6,2.8,0.6,0.3308877405851435
1.6,0.8,2.6,1.2,0.3423776158879909
1.8,1.4,2.4,1.6,0.3423949570059944
1.6,0.2,3.4,1.0,0.36242452093808303
2.0,2.0,3.4,1.0,0.34055514281238314
1.6,0.2,2.6,0.8,0.3639023354070629
1.6,1.4,1.6,1.0,0.3334272409135978
1.6,0.2,3.4,0.4,0.3649149683308913
1.6,0.8,3.8,0.8,0.3440762923281717
1.6,1.2,1.0,2.0,0.3377966122424277
1.6,1.6,3.4,0.4,0.3325311665768638
1.6,0.8,3.2,1.6,0.3415110950978267
1.6,2.0,1.8,0.8,0.3229394637556429
1.6,0.8,2.0,1.6,0.3435930042160879
1.6,0.8,2.4,0.8,0.3467934212533675
1.6,0.4,1.2,0.2,0.3656389102013377
1.6,0.4,1.4,0.4,0.36180566463236175
1.6,1.4,1.0,0.8,0.3378031258579141
1.6,1.6,3.2,0.6,0.33085567967392904
1.8,1.4,4.0,0.8,0.3503436484935451
1.6,1.6,2.2,0.4,0.3417560571638231
2.0,1.4,3.4,1.2,0.3477706109153917
1.6,0.6,2.2,1.6,0.3498326814750681
1.6,0.8,1.6,0.6,0.34997178121305866
1.6,0.6,2.2,0.4,0.3573362152309499
1.6,0.2,4.0,1.6,0.3621900325859017
1.6,1.8,2.6,2.0,0.3164622086410703
1.6,0.6,3.6,0.6,0.3527995666683792
1.6,0.2,3.6,1.4,0.3624416565651832
1.6,1.0,3.4,0.4,0.34448676552029306
2.0,2.0,3.8,1.0,0.3393846017106219
1.8,2.0,1.2,1.8,0.3432434384451155
1.6,0.8,1.4,0.6,0.34919219788250244
1.6,1.2,3.4,1.8,0.328346196708696
1.6,1.2,1.6,1.6,0.3359901267015948
1.6,1.2,2.0,1.6,0.3318619723528236
1.6,0.4,2.6,2.0,0.3553536525501714
1.6,1.6,2.2,0.2,0.35154532534066496
1.6,0.4,2.4,0.8,0.3585660321695009
1.8,2.0,4.0,1.8,0.33333509235021996
1.6,0.4,2.6,0.8,0.3580340429959164
1.6,0.6,1.4,2.0,0.35131908108034005
1.6,1.4,1.6,1.0,0.3334272409135978
1.6,0.2,2.0,1.8,0.3627827951056583
1.6,0.2,1.8,1.6,0.3629821084534946
1.6,1.0,3.4,1.6,0.3352041258971385
1.8,0.4,1.6,1.0,0.4457361212933504
1.8,0.4,1.0,0.2,0.4483641884685849
1.8,1.8,1.6,0.2,0.457335900085388
1.8,0.4,3.4,1.2,0.4425693684932161
1.8,1.2,2.0,2.0,0.4181567741016263
1.8,1.0,1.0,1.0,0.4329014157498832
1.8,1.4,1.6,0.2,0.4532399764413098
1.8,1.0,3.6,1.2,0.4244723564585044
2.0,2.0,3.2,1.6,0.4124706377848514
1.8,0.4,2.4,1.0,0.4431761677317839
1.8,1.8,1.2,0.8,0.4161497343521993
1.8,1.0,3.4,0.4,0.4318471888554372
2.0,1.6,4.0,1.0,0.4225605244779557
1.8,1.2,2.2,1.8,0.4180918586558744
1.8,1.6,2.4,0.2,0.44183989093766457
1.8,0.8,2.0,0.6,0.4363576039739094
2.2,2.0,3.6,1.0,0.4088699819227257
1.8,0.4,4.0,0.6,0.4451063938146879
1.8,1.0,1.8,0.4,0.4394617899194351
2.0,1.8,3.6,0.8,0.4866529652989034
1.8,1.4,3.6,0.2,0.4403518693220897
2.0,1.8,2.8,1.8,0.4832762185231197
1.8,1.6,1.4,1.2,0.4186326621107889
1.8,0.6,2.2,1.0,0.4364667824966225
2.0,1.4,3.2,2.0,0.4923210085438775
1.8,1.2,2.0,0.4,0.4373300692737934
1.8,1.0,1.4,1.0,0.43040463681566776
1.8,1.2,1.6,1.8,0.4234906206573903
1.8,0.4,2.0,2.0,0.4435583114001712
1.8,2.0,1.2,1.6,0.411705578260548
1.8,0.6,1.0,1.0,0.4432189390303402
1.8,0.4,1.8,0.6,0.4469175947215173
2.0,1.4,2.6,1.6,0.4807980720121393
1.8,0.6,2.8,0.8,0.4386856877806931
2.0,2.0,2.2,1.8,0.4776480525119242
1.8,0.6,1.2,0.8,0.4420370993669373
1.8,1.6,2.2,1.0,0.4110232350538983
1.8,1.0,3.8,0.4,0.4319718758246711
1.8,0.2,3.4,1.0,0.45000113286107657
1.8,0.4,1.6,0.2,0.4487845885292424
1.8,2.0,1.2,0.2,0.4603678342843368
1.8,0.6,1.6,0.4,0.4441006334300199
1.8,0.2,2.0,1.2,0.450730802028364
1.8,0.2,1.8,0.2,0.4559677429508993
1.8,0.6,3.2,1.8,0.4342539112164307
2.0,1.8,2.6,1.8,0.4820295752593863
1.8,0.4,2.8,1.2,0.4429599114899823
1.8,0.4,3.8,1.2,0.4424686049091961
1.8,1.2,3.2,0.4,0.427187310130402
1.8,1.2,4.0,0.4,0.4268986925949728
1.8,1.4,2.2,1.6,0.407592426742446
1.8,1.4,2.0,0.6,0.4235185056295509
1.8,1.0,1.4,1.4,0.4300036903830491
2.4,1.8,3.6,1.4,0.476700149109457
2.0,1.4,3.8,1.6,0.4200220407411112
1.8,1.2,1.6,0.8,0.4267204567885388
2.4,1.6,2.6,1.2,0.4873656649370025
1.8,0.8,3.4,1.2,0.4292735185851557
1.8,0.8,2.6,1.6,0.4297181811413202
1.8,0.4,2.4,1.2,0.4425824900609941
1.8,1.4,1.0,0.8,0.4248642109415
1.8,0.2,2.8,0.8,0.4514629402840438
1.8,0.4,2.0,0.8,0.44679664197713204
1.8,0.4,4.0,1.2,0.44242193150937853
1.8,0.4,1.0,1.4,0.4470230655951135
1.8,1.2,1.2,0.8,0.42788087691600896
1.8,1.8,2.2,0.6,0.4150360717042316
1.8,0.4,2.0,1.6,0.4430633899264454
1.8,0.4,2.4,1.4,0.4428836805007261
1.8,1.2,3.0,1.4,0.4179402250380883
1.8,1.8,2.2,0.4,0.4259119552744053
2.0,1.6,3.4,1.0,0.4231883850281196
1.8,0.4,3.0,1.8,0.4422735558756215
1.8,0.4,1.6,0.4,0.4490828475876665
1.8,2.0,3.2,0.8,0.4009239145313638
2.0,1.6,2.6,1.6,0.4795513992451754
1.8,1.0,2.6,0.8,0.4287677276624654
1.8,2.0,4.0,0.4,0.4144089933374368
1.8,0.4,2.6,0.6,0.4467483654650324
2.0,1.4,3.4,1.0,0.4262779874805399
1.8,1.4,3.8,0.4,0.4236714142359365
1.8,1.4,2.4,0.6,0.4225778254307512
2.2,2.0,2.4,1.4,0.4944267513834278
1.8,0.4,1.8,0.2,0.4533216417895361
1.8,0.4,2.8,0.8,0.4444929331318841
1.8,0.4,2.0,0.8,0.44679664197713204
1.8,1.0,1.2,1.6,0.4299826271348872
1.8,0.4,3.8,0.4,0.4465527626435579
1.8,1.6,1.4,0.6,0.4213776469409605
1.8,1.8,1.2,1.8,0.4124510602047901
1.8,0.8,4.0,1.2,0.4289088970672345
1.8,0.4,1.4,1.8,0.4429423075628121
1.8,1.4,2.6,0.2,0.4417368466165159
1.8,0.2,1.2,0.6,0.4534826359663836
2.0,1.8,3.0,2.0,0.4609948959335275
1.8,1.0,1.0,0.8,0.43367341517406105
1.8,1.4,1.0,0.2,0.4430955186305266
1.8,1.2,1.8,1.0,0.4220227013366724
1.8,0.2,2.6,1.4,0.4499389132054797
2.0,1.4,3.8,1.4,0.4079519279686287
2.2,2.0,2.2,1.2,0.5590956912558896
2.0,1.0,2.0,1.2,0.5159103438905581
2.0,0.6,1.0,0.2,0.5366197671758918
2.0,0.4,2.8,1.6,0.5298110872604171
2.2,1.4,2.4,0.8,0.596506833162658
2.2,1.6,2.0,1.8,0.5777468971530089
2.0,1.2,1.2,1.0,0.5147387842438327
2.0,0.6,2.8,0.8,0.5263986522238393
2.0,1.2,3.0,1.6,0.5032891682147725
2.2,2.0,1.2,1.0,0.5901287914023821
2.0,0.2,3.8,0.8,0.5382307651072155
2.2,1.2,3.8,1.8,0.5802065232936886
2.4,2.0,3.6,1.4,0.5520351227461846
2.0,2.0,1.6,0.8,0.5000551853877077
2.4,1.6,3.0,1.4,0.5644525189969937
2.0,1.0,3.4,1.4,0.5090194512116311
2.0,1.2,2.8,0.6,0.5139693323211917
2.0,0.2,2.8,1.0,0.5381957441043234
2.0,1.0,1.4,1.6,0.51467141714884
2.2,1.6,3.4,0.6,0.5933266087328163
2.2,1.4,2.4,1.2,0.5943659312296435
2.2,1.8,2.6,0.8,0.58997016272496
2.0,1.2,1.4,2.0,0.5096978030013269
2.2,1.0,3.0,1.2,0.5984107304520759
2.0,0.6,3.2,1.6,0.5219903514471231
2.0,1.2,3.4,2.0,0.502351892373863
2.0,2.0,2.8,0.4,0.5081048189853868
2.0,0.8,1.2,1.2,0.5216460378079546
2.0,0.8,3.2,1.6,0.5128877227218058
2.0,0.6,2.8,1.6,0.5239082825695072
2.0,0.6,2.2,0.6,0.5284225626127993
2.0,1.0,1.4,0.4,0.5273187463919893
2.0,0.2,2.6,0.2,0.5445701494255237
2.0,0.4,1.4,1.4,0.5298045705106886
2.2,1.8,2.0,1.2,0.5815728006109201
2.0,1.4,1.4,0.2,0.5336333890588116
2.0,0.4,3.6,0.6,0.5331629647237742
2.0,0.2,2.6,1.8,0.5369274854247376
2.0,1.2,1.0,1.6,0.5123904283603012
2.2,2.0,2.2,1.8,0.5668538094031957
2.2,1.2,3.6,1.8,0.5805676817933657
2.0,1.0,2.6,1.6,0.5103514908960367
2.2,2.0,1.0,1.6,0.5896991214908297
2.2,1.6,1.8,0.8,0.5954082381416756
2.2,1.4,1.6,1.4,0.5945373885102857
2.2,1.2,4.0,1.2,0.5045413678056145
2.4,1.4,3.0,1.2,0.5824387135700521
2.0,0.8,2.0,1.8,0.516338077317049
2.2,1.0,3.6,1.8,0.593157142126717
2.0,1.2,1.4,1.2,0.5132849687094652
2.0,1.0,3.6,0.8,0.5139328535795286
2.0,1.4,1.4,1.4,0.5073693955423499
2.2,1.4,2.8,1.8,0.5773837234232684
2.2,1.2,2.4,1.4,0.596647721477218
2.0,0.2,1.6,1.8,0.5374317523200635
2.0,1.8,1.0,1.0,0.5051767085114302
2.0,0.6,3.6,1.8,0.5198358065069227
2.0,1.2,2.0,1.6,0.510222109851356
2.0,1.4,3.2,0.8,0.5061608329001615
2.0,0.6,2.6,0.4,0.5301332800264084
2.0,1.4,3.0,0.8,0.506722814904423
2.0,0.8,1.2,0.2,0.5316784869108303
2.2,1.2,2.6,1.0,0.5990056596794484
2.2,1.6,1.6,1.6,0.5847333867045535
2.0,0.4,1.4,1.8,0.5296399702319408
2.2,1.0,3.0,1.2,0.5984107304520759
2.0,1.6,3.4,0.4,0.5070184335942091
2.4,1.6,4.0,1.2,0.564870370868289
2.0,1.2,4.0,0.6,0.5122630569289449
2.4,2.0,2.8,1.4,0.56498023279578
2.0,0.2,2.4,1.0,0.5385861316599616
2.0,0.4,2.6,0.8,0.5324589218889003
2.0,0.6,1.6,1.8,0.5260849278667282
2.0,0.2,3.4,2.0,0.5358573132750052
2.0,0.2,2.2,1.6,0.5371204225318631
2.4,1.6,2.6,1.4,0.5709707547459203
2.0,0.2,2.6,1.8,0.5369274854247376
2.0,0.6,1.2,0.4,0.535437479556158
2.0,1.2,1.6,1.4,0.5106033251764355
2.2,1.0,3.2,1.2,0.5962732326947576
2.0,1.4,1.6,0.8,0.5101901549832017
2.2,1.4,2.0,0.6,0.5990854942052474
2.0,1.0,1.2,0.4,0.5288505134859134
2.0,1.2,3.2,1.4,0.503469478324461
2.0,0.4,2.8,0.6,0.5341631063959184
2.0,1.2,3.2,2.0,0.502110334304115
2.0,1.0,3.0,1.8,0.5056556927501282
2.0,1.6,4.0,0.4,0.5077670501213424
2.0,1.0,4.0,2.0,0.5072808222101465
2.0,0.2,3.8,0.2,0.5439731046092842
2.2,1.4,3.2,0.4,0.5994871733063438
2.0,0.4,1.4,0.8,0.5351500584475042
2.2,1.4,3.4,1.0,0.5002992937616647
2.0,0.2,2.6,0.8,0.5384158549213115
2.0,0.6,2.8,2.0,0.5217501792740626
2.0,0.2,2.0,1.6,0.5372370838419789
2.0,1.8,3.8,0.4,0.5030922291263591
2.0,1.4,3.2,0.6,0.5094392400183672
2.0,1.4,1.6,1.0,0.5072886674956771
2.2,1.2,1.2,2.0,0.59612021290839
2.4,0.6,4.0,2.0,0.6902840891526287
2.4,0.6,2.6,1.2,0.6975631113685307
2.4,2.0,1.2,1.6,0.6767922736727254
2.2,0.6,2.8,0.4,0.6164141997709057
2.2,0.4,2.4,1.4,0.6158747227157694
2.2,1.0,2.8,0.6,0.6044869867898948
2.4,1.0,2.2,1.2,0.6884519029399326
2.4,1.8,2.4,1.0,0.6751983681660723
2.2,1.0,2.4,1.2,0.6011805658877397
2.2,0.6,3.0,0.4,0.6142623988745919
2.2,0.2,1.8,1.8,0.6242483261770351
2.4,1.4,1.6,1.8,0.6795259555471502
2.4,1.0,1.0,1.8,0.6901927252771782
2.2,1.0,3.2,0.4,0.6062687882853919
2.2,0.2,1.2,0.8,0.6287938051420158
2.4,0.6,2.6,1.6,0.6945581493920279
2.2,0.2,1.8,1.8,0.6242483261770351
2.2,0.4,3.0,1.6,0.6157360285860652
2.2,1.4,1.8,0.2,0.6203611464782415
2.4,0.6,3.2,1.4,0.6943458399871665
2.4,1.0,1.4,1.2,0.6914278284368368
2.2,0.2,3.4,1.6,0.6238486842862152
2.4,0.6,3.2,1.4,0.6943458399871665
2.4,1.8,1.4,1.2,0.6799229876272049
2.4,0.8,2.8,1.8,0.6879226618353215
2.2,0.2,4.0,0.2,0.6317158053455878
2.2,0.8,1.4,1.2,0.6099156569215265
2.2,0.4,1.0,1.4,0.6210896275803136
2.4,1.8,3.0,2.0,0.6554022542708712
2.4,2.0,1.6,1.0,0.6787891654213226
2.2,0.6,3.8,0.6,0.6143707358120749
2.4,1.6,2.6,0.6,0.6834412803422315
2.4,0.6,1.6,1.6,0.6995502772506991
2.2,1.2,4.0,0.4,0.6019836275342324
2.4,1.8,2.2,0.8,0.6793161856139065
2.4,2.0,1.4,1.4,0.676106662372582
2.2,1.0,1.0,1.2,0.6067721323055616
2.4,2.0,3.8,2.0,0.624037112591511
2.2,1.2,1.0,1.0,0.6039002717535582
2.4,1.8,2.8,2.0,0.6556602201288734
2.2,1.6,3.2,0.2,0.6169079273090833
2.2,0.6,1.8,0.4,0.6199964357102709
2.2,0.4,4.0,1.8,0.6142111975508021
2.2,1.2,3.8,0.4,0.6018470065628823
2.4,1.0,2.0,1.0,0.6921410355013463
2.4,1.0,4.0,1.6,0.6787728586529707
2.4,1.8,3.2,0.4,0.6808513540152716
2.4,1.0,3.8,0.8,0.6875743601368026
2.2,0.8,4.0,1.4,0.6006683126584126
2.2,0.2,1.6,2.0,0.6244464589772291
2.4,1.2,4.0,2.0,0.6693769628962776
2.2,0.6,4.0,1.6,0.6060501990024494
2.2,0.6,3.8,0.2,0.6262207401980673
2.4,0.8,3.8,0.6,0.6953838670320531
2.4,2.0,1.0,0.8,0.6829623694168705
2.2,1.2,1.0,1.8,0.6000640699577646
2.4,0.8,3.4,0.6,0.6961560382797338
2.4,1.8,2.4,2.0,0.6575654137588051
2.2,1.4,3.6,0.2,0.6161162090095899
2.2,0.4,3.6,1.6,0.6142105352801974
2.2,1.2,2.8,0.2,0.6296779423274654
2.4,0.6,2.2,1.6,0.698295010182991
2.2,1.8,1.4,0.4,0.6124197025165948
2.4,0.6,3.0,1.6,0.6943468817063629
2.6,1.8,3.2,1.0,0.6381866205033198
2.2,0.6,2.0,1.8,0.6104567532523697
2.4,2.0,2.2,0.8,0.6771885102283203
2.2,0.6,2.2,1.4,0.6113662936139208
2.2,0.6,2.4,0.2,0.6259345983408232
2.4,1.0,2.0,2.0,0.6866104205168774
2.4,1.8,1.6,1.0,0.6815793963907518
2.4,0.6,3.2,1.4,0.6943458399871665
2.4,1.4,1.6,1.6,0.6805368850515129
2.4,2.0,2.8,2.0,0.6497186547365695
2.2,0.2,3.8,1.6,0.6235783630344481
2.2,1.0,2.2,0.6,0.6054443260820981
2.2,0.2,1.4,1.0,0.6266749047373429
2.2,0.8,1.0,1.8,0.6082536113175848
2.2,0.6,3.2,0.8,0.6123201743818051
2.2,0.4,3.4,0.6,0.6210194558458487
2.2,0.6,1.4,0.4,0.6178216709278621
2.4,2.0,3.2,2.0,0.6474160987174954
2.4,0.6,3.4,0.8,0.6979340664085448
2.2,1.4,3.8,0.2,0.6158320617852617
2.2,1.6,2.4,0.2,0.6219665575076712
2.4,1.6,2.4,0.6,0.6838082908583828
2.4,1.4,1.2,1.4,0.6842476142158129
2.4,1.6,3.8,2.0,0.6440275692733598
2.4,0.6,2.8,1.2,0.6959621171405875
2.2,1.6,2.6,0.4,0.6019612534643016
2.4,0.6,4.0,1.0,0.6948334162244071
2.2,0.4,2.6,1.2,0.6156435961886035
2.2,1.6,2.0,0.2,0.6276932085366075
2.4,1.4,3.4,0.4,0.6871182633414885
2.2,0.8,2.4,1.8,0.6022239196902215
2.2,1.8,1.0,0.4,0.6205340292148579
2.2,0.6,2.2,0.2,0.6263913370693991
2.4,1.4,2.8,0.6,0.6853746647080275
2.2,1.0,3.8,0.6,0.6030421282075341
2.2,0.2,1.4,2.0,0.6246565922489573
2.4,0.4,1.0,1.0,0.7124801187605989
2.6,1.4,3.8,0.8,0.7685407056342579
2.4,0.2,3.2,2.0,0.7098641466975922
2.6,2.0,2.4,0.2,0.7976909488397784
2.6,1.4,1.6,0.6,0.7803834144799993
2.6,0.8,3.0,1.4,0.7768625276568721
2.4,0.2,2.0,0.2,0.7174105835420715
2.8,2.0,3.6,1.6,0.7922310757890758
2.4,0.2,2.4,1.6,0.7119863482948381
2.6,0.6,1.4,1.8,0.7853930889580512
3.0,1.8,4.0,1.4,0.7792498973797856
2.6,0.4,1.2,1.4,0.7921326859995543
2.6,1.4,2.2,1.4,0.7685498728095942
2.6,1.2,3.4,1.2,0.7692541235685371
2.6,0.6,4.0,0.8,0.7833894844126896
2.4,0.2,2.0,2.0,0.7120479170172854
2.6,1.4,3.6,1.6,0.7499653057290598
2.6,0.4,1.6,1.2,0.7916417153875377
2.4,1.4,2.8,0.2,0.7156254111974647
2.4,0.4,2.2,0.2,0.707881418121354
2.4,0.2,4.0,1.8,0.7094032881713974
2.4,0.2,3.2,0.8,0.7123677339449603
2.6,0.4,3.6,2.0,0.7865009388276681
3.0,1.8,2.6,1.4,0.7968961223774348
2.4,0.6,1.2,1.2,0.7040041467914017
2.8,2.0,2.8,1.4,0.7199166904611155
2.8,2.0,4.0,1.0,0.7777667771561718
2.4,0.2,3.6,1.4,0.7112419805637097
2.6,1.8,1.2,1.0,0.7711151459330715
2.6,0.6,1.8,0.2,0.7976059525267997
2.6,0.6,1.4,0.8,0.7889055845812697
2.4,0.4,1.0,0.8,0.7090919369892594
2.6,1.2,2.8,2.0,0.7621971845934604
2.6,1.6,3.6,0.4,0.7699651292592269
2.4,1.4,4.0,0.2,0.7064022391613057
2.6,0.4,2.6,0.8,0.7937076125576741
2.4,2.0,1.4,0.2,0.7102125683818561
2.4,0.4,1.6,2.0,0.7039166378798205
2.4,0.4,2.0,1.6,0.7025595864121142
2.4,1.8,2.8,0.2,0.7100012081261619
2.8,1.8,3.8,1.6,0.7988593899370805
2.6,0.8,3.2,1.4,0.7748055143380415
2.6,1.8,2.4,1.8,0.7441382379981735
2.6,2.0,4.0,0.6,0.763669990803399
2.6,0.4,1.6,1.0,0.7960591706952113
2.4,0.4,3.2,1.4,0.7028943453386101
2.6,1.6,1.8,1.4,0.7672753463971567
2.6,1.8,3.2,0.8,0.7480725720835771
2.6,1.4,3.0,2.0,0.75265284857746
2.6,1.2,2.8,1.0,0.7714947961632701
2.6,1.4,1.6,0.8,0.7762336500048036
2.6,0.6,1.4,0.6,0.7903083197322359
2.6,1.2,3.4,1.0,0.7715264533527321
2.6,0.6,3.8,1.4,0.7791342963252095
2.6,1.6,3.2,1.8,0.7353793259228543
2.4,0.4,3.8,0.2,0.7147798959196281
2.6,1.4,1.0,0.6,0.7878960513219349
2.6,1.0,2.2,0.6,0.7849382667192598
2.6,1.8,2.8,0.4,0.7758765389493935
2.4,0.6,2.4,0.2,0.7130522061333517
2.4,0.2,3.8,0.4,0.7132253967657959
2.6,1.0,1.4,0.8,0.7823642855882529
2.6,0.6,3.0,0.4,0.7899321523612877
2.4,0.6,1.6,0.6,0.7024139601548898
2.8,1.8,3.4,1.4,0.7147247215815463
2.6,0.4,3.6,0.8,0.7903348010095318
2.4,0.8,1.4,0.4,0.7032273300767896
2.6,1.2,3.0,1.8,0.7616792918257634
2.4,0.6,2.2,1.4,0.7013231143093194
2.6,1.0,1.8,1.6,0.7732929286389627
2.6,1.6,1.0,1.8,0.7708581365955233
2.4,0.4,3.8,0.6,0.7073223005508381
2.6,0.6,3.0,0.2,0.7982276850643596
2.4,0.2,2.6,1.0,0.7124853169893947
2.6,1.2,3.0,0.2,0.7987433810349891
2.6,1.2,2.2,0.2,0.7965466854060327
2.6,0.6,3.2,1.6,0.7809119205802398
2.6,0.4,3.2,0.2,0.7936809637931379
2.4,0.6,1.2,1.2,0.7040041467914017
2.6,1.2,3.4,1.6,0.7564026195594193
2.6,2.0,2.0,1.8,0.7323353184024577
2.4,1.8,1.8,0.2,0.7049441991032545
2.6,0.8,3.0,0.4,0.7862145147306999
2.8,2.0,2.4,1.6,0.7203773780746672
2.4,0.4,3.4,0.4,0.7066107937946668
2.8,2.0,1.8,1.8,0.7934720564439102
2.6,1.0,3.2,0.4,0.7831587291290009
2.4,0.8,3.0,0.2,0.7156918328602767
2.6,2.0,1.8,0.2,0.7961484770257596
2.6,0.8,1.2,1.6,0.7804187996265689
2.6,1.4,1.2,1.0,0.7762886448961189
2.4,2.0,1.6,0.2,0.7064236040278018
2.6,1.8,2.8,0.2,0.7978637387162533
2.6,1.2,2.6,1.0,0.7721332257197933
2.6,1.8,1.4,1.0,0.7697551017044415
2.6,1.2,3.2,0.8,0.7681046570701852
2.6,1.8,3.4,0.8,0.7468762792406658
2.6,1.2,3.6,1.4,0.762060701223221
2.4,0.2,2.6,2.0,0.7108781093922948
2.6,1.8,1.0,1.2,0.7719951801512408
2.8,1.2,3.2,1.6,0.8481251876774578
2.8,1.4,1.8,1.2,0.8573837888659025
2.8,0.6,3.0,0.2,0.8841111716468237
2.8,2.0,3.4,1.0,0.8078689127517513
2.8,0.8,3.8,1.0,0.8654024416586644
2.8,1.8,2.8,0.2,0.88836807472435
2.8,1.8,3.4,1.6,0.8089189576659118
2.8,1.6,2.0,0.6,0.8613218988198611
2.8,1.2,2.2,0.8,0.8622794354175283
2.8,0.2,3.6,1.2,0.8855545268202073
3.0,1.8,2.4,1.4,0.8116359877864464
2.8,0.2,3.6,1.6,0.8846767190405939
2.8,0.8,2.8,0.4,0.8750004394908569
2.8,1.6,3.4,0.6,0.8582817674053341
2.8,0.4,2.0,0.8,0.8809795414593918
2.8,1.6,2.6,1.0,0.8556995183115371
2.8,1.8,1.0,0.2,0.887813035034611
2.8,1.2,1.6,1.8,0.8566969587749504
2.8,0.8,3.8,0.2,0.8839611792761002
2.8,0.6,2.0,1.8,0.8690716853734217
2.8,1.8,3.6,1.6,0.8004088146955781
2.8,1.4,2.0,1.8,0.8510372173313719
2.8,0.4,1.2,1.8,0.8772088577420343
2.8,0.4,2.8,1.8,0.8747351262610312
2.8,1.4,1.2,1.4,0.8607050255140442
2.8,0.6,1.8,0.8,0.8762419754895837
2.8,0.2,3.6,0.8,0.8865056107722755
2.8,1.8,3.0,1.2,0.8268403879512558
2.8,0.6,1.4,1.2,0.8748239790976348
2.8,1.2,2.2,1.6,0.8545316224859182
2.8,1.6,3.6,0.2,0.8809205841001829
2.8,0.4,2.4,1.4,0.8756326000874208
2.8,0.6,1.2,1.6,0.8728155029517878
2.8,0.8,1.6,0.6,0.8742448042090404
3.0,1.4,4.0,2.0,0.8936838378735121
2.8,0.2,3.2,0.6,0.887202271574131
2.8,1.0,2.6,0.8,0.8615586713376775
2.8,0.8,1.2,1.4,0.8705622541806131
2.8,1.0,1.2,0.8,0.8707900992164556
2.8,0.2,2.6,0.8,0.8880660702899325
2.8,1.6,3.2,0.6,0.8586702810661792
2.6,0.2,2.6,0.6,0.8010458103016933
2.8,0.6,2.2,0.6,0.8771311663994565
3.0,2.0,2.8,2.0,0.8911677749651786
2.8,2.0,1.2,2.0,0.8413807328192413
2.8,1.8,1.2,1.2,0.8572327181793269
3.0,2.0,3.6,2.0,0.8859325836401394
2.6,0.2,1.8,0.8,0.8008258729311514
2.6,0.2,1.0,2.0,0.8009940316330628
2.6,0.2,1.2,0.8,0.8024971436590317
3.0,1.6,3.6,1.2,0.8129080050759625
2.8,0.4,1.6,2.0,0.8765215437759293
2.8,0.4,3.2,1.2,0.8750124725577122
2.6,0.2,1.6,1.4,0.8006643193549168
2.6,0.2,1.8,1.0,0.8012205652645045
2.8,1.4,1.8,0.6,0.8646213574799744
2.8,1.4,1.2,0.4,0.8813339239436946
2.8,1.6,3.8,0.8,0.8439944231661045
3.0,1.8,3.8,1.0,0.8816169780276871
2.8,0.2,2.2,1.8,0.8860362490961807
2.6,0.2,2.8,0.2,0.8034656301353921
2.8,0.2,4.0,1.8,0.8832550608481017
2.8,0.2,3.6,2.0,0.8824150502188176
2.8,1.0,2.2,1.6,0.8569375785201946
2.8,0.6,3.8,0.6,0.8747435484782105
2.8,1.8,2.2,2.0,0.8174667109017393
2.8,0.2,1.0,0.8,0.8943041926018755
2.8,1.4,3.2,1.8,0.8347344274148435
2.8,0.2,2.4,0.4,0.8874372383173835
2.8,1.8,2.4,1.6,0.8106740467143991
2.8,1.4,3.6,0.8,0.8572061734678139
2.6,0.2,2.0,0.2,0.8038790319854815
2.8,0.8,2.8,0.6,0.871143949814517
2.8,1.2,1.2,0.8,0.8681413344174935
2.8,1.4,2.2,0.4,0.8721097069608408
2.8,1.2,1.6,1.4,0.8597280190271824
2.8,0.2,1.6,0.4,0.8917734572795479
3.0,2.0,2.8,2.0,0.8911677749651786
2.6,0.2,2.0,1.0,0.8006271634868711
2.8,0.4,3.8,1.6,0.8743822891658669
2.8,0.4,3.6,1.0,0.8745877829170277
2.8,1.6,4.0,0.8,0.8286021815420352
2.8,0.6,3.4,1.8,0.8645120547566941
2.8,1.6,2.8,0.6,0.8590393844243045
2.8,0.8,2.6,0.2,0.8894126175336001
2.6,0.2,3.8,0.2,0.8045160993269072
2.8,2.0,2.0,0.4,0.8759710241558291
2.8,0.4,2.6,1.4,0.8746615479551488
2.8,2.0,1.8,0.4,0.8782138653504111
2.8,0.2,3.8,0.6,0.8870188089547582
2.8,0.2,1.6,1.6,0.8867006390774795
2.8,1.0,2.8,2.0,0.8538520144531729
2.8,1.4,1.6,0.8,0.8615810081382532
2.8,0.4,1.4,2.0,0.8783556017572404
2.8,0.8,1.0,2.0,0.8683515895138669
2.8,0.4,2.6,1.6,0.8755209705631938
3.0,1.4,3.8,1.2,0.8102656279843065
3.0,2.0,2.4,1.2,0.8044261003506015
2.8,1.6,3.8,2.0,0.8138615634838984
2.8,1.6,2.0,1.8,0.8360576666376331
3.0,1.4,3.8,0.8,0.9421315954382891
3.0,1.8,1.2,0.2,0.97325111334946
3.0,1.4,2.6,0.8,0.9481489362664476
3.0,0.8,1.2,0.4,0.9668048980392538
3.0,1.6,1.2,1.2,0.9482989156105126
3.0,1.6,3.2,2.0,0.902596748603428
3.0,1.2,1.4,1.4,0.9481207801223404
3.0,2.0,1.2,0.8,0.9504525785532131
3.0,0.6,1.8,0.2,0.9667009213361116
3.0,2.0,1.2,0.4,0.974378555857432
3.0,1.2,1.0,1.8,0.9503254637408696
3.0,0.4,3.0,1.0,0.9616274077133586
3.0,1.8,4.0,0.8,0.9022466726721976
3.0,0.4,3.4,0.4,0.9670975306395028
3.0,0.6,2.2,1.0,0.96445306503612
3.0,2.0,1.6,0.8,0.9437401726989062
3.0,1.6,1.0,1.2,0.9503445528127764
3.0,1.4,1.6,0.8,0.9523647336038036
3.0,0.8,1.8,0.2,0.9711095571147074
3.0,0.6,1.4,1.0,0.9646836956281232
3.0,0.4,1.0,1.0,0.9697434623821688
3.0,1.2,1.4,0.4,0.9670136944955592
3.0,1.0,3.2,0.2,0.9733965926440236
3.0,1.0,3.0,0.4,0.9562550019585808
3.0,0.6,2.8,1.0,0.9545200554019828
3.0,1.2,1.2,1.2,0.9537005879067494
3.0,0.6,2.4,1.4,0.9547428148084184
3.0,1.0,2.4,0.6,0.9577224327549964
3.0,0.2,1.0,1.2,0.9748472623895912
3.0,1.6,1.6,0.8,0.9494214934211642
3.0,1.4,3.4,1.0,0.9424382234860712
3.0,0.4,2.2,1.2,0.9618308843465008
3.0,0.8,3.0,1.6,0.9475330991371363
3.0,0.6,2.4,2.0,0.9522133307749351
3.0,1.6,1.0,0.2,0.9655600036040904
2.8,2.0,2.6,0.2,0.9020556432824084
3.0,1.4,1.0,2.0,0.9475049374410246
3.0,0.8,1.8,1.8,0.9474794942475622
3.0,1.2,3.0,1.6,0.9399399304653008
3.0,1.6,2.2,1.6,0.9049176419277296
3.0,1.6,1.8,2.0,0.9187372432494894
3.0,0.2,1.6,1.6,0.9733475348699796
3.0,2.0,1.2,1.4,0.943634508461356
3.0,1.2,1.0,1.4,0.9548126963545324
3.0,1.4,2.6,0.8,0.9481489362664476
3.0,0.4,3.6,1.4,0.9583005586031637
3.0,1.4,1.2,1.4,0.9485624713090672
3.0,0.6,3.4,1.0,0.9541448476965873
3.0,0.6,1.2,1.2,0.963889346623271
3.0,0.8,3.2,2.0,0.9412054263912314
3.0,1.4,3.8,0.6,0.9481737160225252
3.0,1.4,3.2,1.4,0.920580058569774
3.0,0.2,1.6,1.2,0.9747734830424212
3.0,0.8,1.2,1.8,0.9531635263384232
3.0,1.6,2.2,1.8,0.9193971132943206
3.0,0.4,4.0,0.2,0.9665782102491688
3.0,0.2,2.2,0.8,0.973359366205596
3.0,0.4,4.0,1.4,0.9594214038539054
3.0,0.2,1.6,0.4,0.9810851435728144
3.0,0.4,1.6,0.2,0.9641329282905456
3.0,1.8,1.4,1.2,0.9435778569850404
3.0,0.6,4.0,1.4,0.9495949357157516
3.0,0.6,1.0,0.8,0.9659794248672714
3.0,1.4,1.0,1.6,0.9507723693240586
3.0,1.0,1.6,1.2,0.951611084756946
3.0,0.4,3.4,1.2,0.9583408032443088
3.0,1.0,3.0,1.8,0.9380050535817492
3.0,1.0,2.6,2.0,0.9383527502756142
3.0,1.6,3.0,1.6,0.9182344369322932
3.0,0.2,3.2,0.8,0.9732368992305444
3.0,0.4,3.4,1.2,0.9583408032443088
3.0,1.2,1.0,0.2,0.972359880838625
3.0,1.8,1.2,0.6,0.9580556690081004
3.0,1.0,3.0,0.6,0.9558697593264596
3.0,1.4,2.8,0.8,0.948768049255716
3.0,1.0,3.6,1.6,0.9380286250213188
3.0,1.2,1.6,1.4,0.9480228494411927
3.0,1.6,1.2,0.6,0.9570039239343096
3.0,0.4,3.0,1.2,0.9605882702880008
3.0,0.2,1.4,1.8,0.9735425323569192
3.0,0.4,1.8,1.8,0.9637477872833758
3.0,1.4,2.6,1.4,0.9373088999043938
3.0,0.8,3.4,0.4,0.9601665144641196
3.0,1.2,2.2,0.4,0.960190994429042
3.0,1.2,1.2,0.6,0.9619459110504052
3.0,1.6,4.0,0.6,0.9439275298521956
3.0,1.6,3.4,0.2,0.9738404396512272
3.0,1.0,2.8,0.2,0.9703430465343629
3.0,2.0,1.8,0.8,0.9435427341070772
3.0,0.6,2.6,1.6,0.9568483751963638
3.0,1.8,3.2,1.2,0.9094816585653076
3.0,2.0,2.2,0.8,0.9400780065766579
3.0,1.2,1.0,0.2,0.972359880838625
3.0,0.8,4.0,0.4,0.9608844397963596
3.0,1.6,1.8,1.2,0.944940766595744
3.0,0.4,3.0,0.6,0.9682788273620904
3.0,0.8,4.0,2.0,0.9358332275408596
3.0,1.2,2.6,1.8,0.9384145184418248
3.0,1.8,2.2,0.2,0.9771077610657978
3.0,0.4,1.4,2.0,0.9653847415654078
