X1,X2,X3,X4,X5,X6
2.92827580822632,1.3817957197316,2.615326017607,1.24942150521092,1.42069800337777,1.97583557330072
1.80486366618425,0.85837442507036,2.09181657200679,0.766786842234433,2.32511759945191,1.21211857437156
1.02436892874539,0.810348540591076,3.42598599055782,0.562734120152891,1.70576222543605,1.49024206539616
2.65139639098197,0.412976771360263,3.92836556420662,0.218477576132864,1.06572343735024,0.984860040387139
1.1725919386372,1.82287774062715,3.00794357596897,1.92306030844338,2.67096039699391,0.896807194128633
2.25704953586683,1.39380390788428,1.61548369540833,0.977349620871246,3.75918086990714,1.93757086810656
2.9386241286993,0.437213031807914,1.18092023325153,0.494510205602273,2.24736629100516,1.64850029135123
1.12190461438149,1.33840911220759,3.41638370743021,1.48132682926953,2.99234569934197,1.60256494740024
2.33076392440125,1.37920650332235,2.2879227749072,0.947737403865904,1.34199327928945,0.541196571430191
2.5422161561437,0.883873182022944,3.32889496884309,1.24300145898014,3.70288281701505,1.18234935048968
2.01188538782299,1.98893475499935,1.15324305836111,1.27356704748236,2.97597768087871,1.76663321359083
1.0903135095723,1.94815164539032,1.5052848153282,1.88599047246389,2.96598998806439,0.44289041752927
1.40123437484726,0.616925204964355,3.06960275699385,0.739518472319469,2.31431893166155,1.87408099295571
1.00124830147251,0.540930721350014,1.67695117392577,1.87884263857268,1.12882497417741,1.05805078870617
1.79009815631434,1.63773999926634,2.54623734182678,1.1207825073041,1.06433605705388,0.595448184059933
1.82928094873205,0.428260700730607,1.88615089515224,1.68160421727225,1.62413010280579,0.461717997211963
1.01702109444886,1.57077120807953,1.5735025673639,1.61094428193755,1.67134497640654,0.385946165444329
2.44896641746163,1.49000111795031,3.8767907214351,1.00863220365718,1.11095758969896,0.452997162984684
2.105828021653,1.51403269567527,1.01625076122582,0.240027769375592,1.92325607244857,1.43072371995077
1.36037722509354,1.69448665720411,2.76121923094615,1.05029160897247,2.18514480581507,0.336742329364643
1.94186853803694,0.710782317584381,2.07009785668924,1.07970982557163,3.32321448391303,1.20542812668718
1.8485454171896,1.55922292280011,1.93819927982986,0.954537298250943,2.2045582155697,1.38189119296148
2.66591315064579,0.860361919738352,2.36801780667156,0.862015815079212,3.02044602343813,1.91909652235918
1.58948423434049,1.73975462899543,3.10717289731838,1.90788451149128,3.55832888721488,0.205860517732799
1.93997124675661,1.86932960427366,3.91086868289858,1.16635155999102,3.43288017227314,0.931923970393836
2.11111030168831,0.839151971414685,2.66104317922145,0.631035361113027,2.03934247884899,1.8023401550483
1.08641685545444,0.863915647193789,2.5917358265724,0.614492774568498,1.00748077733442,1.08857987653464
2.82027941429988,0.831125897215679,2.94143954943866,1.09679386252537,3.07772502652369,0.657314592273906
2.33957123523578,1.18397770910524,2.89050099090673,1.69013505470939,3.5213569898624,0.827898102579638
1.80946966446936,0.902023587748408,1.42914191447198,0.45822872701101,3.90774017944932,0.913571990374476
1.79635439207777,1.91761070303619,3.21301547531039,0.673468590434641,1.6229336252436,0.977127059968188
1.41136753372848,1.67553239092231,1.49549208697863,1.74827730706893,3.49345912015997,1.36081729340367
1.15106202010065,0.621011995477602,3.573082144605,1.73168785646558,1.88823019876145,0.592210048669949
2.94435912929475,0.879459630558267,2.66495024552569,1.10944146835245,2.22736471472308,1.4581668835599
1.9602907137014,1.35854505668394,2.53904438577592,1.04895244194195,3.5494902220089,1.91901694331318
2.68489052681252,1.23035967522301,1.94657654780895,0.927980749728158,2.14070393214934,0.881874563312158
2.57298495387658,1.60557321454398,3.92192760738544,0.876324577070773,2.86345456331037,0.898571615340188
1.73843014473096,1.26061688428745,3.86273347004317,1.30236650947481,3.13439128105529,1.50766867701896
2.0562162627466,1.66776945651509,3.36411309125833,0.634339788137004,2.91246519889683,1.14942688019946
2.08451816206798,0.384104191930965,1.25169514329173,0.560311798332259,1.42348125274293,1.83708111653104
2.3792725848034,1.89291948755272,1.54848779295571,0.560254415823147,1.78564220061526,0.553596020955592
1.09641869133338,1.3952528744936,2.43755615619011,0.775119062513113,1.99312604637817,0.822095803869888
2.20337717514485,0.69820035463199,1.57885002042167,1.62390437307768,3.96085132658482,0.892312379274517
2.25682993000373,0.260812644148245,2.97574955062009,0.994619668181986,2.18921139510348,0.382482071127743
1.0035941018723,0.509448720095679,3.23129603243433,0.253225519321859,1.22699153446592,1.72706083217636
1.79324437631294,1.01181527036242,2.68305769260041,1.52026398270391,3.30740364617668,0.633284532092512
2.35917471256107,0.923328019399196,2.45654869801365,0.828214604500681,1.16538348793983,1.33107441593893
1.15077254222706,0.324337348202243,3.08801863505505,0.514394187135622,3.15586655726656,1.46210330189206
1.72221818845719,0.866402743943036,1.80756809771992,1.65660293004476,1.47246339474805,1.88000193834305
2.43363126926124,0.909964796435088,3.10602244967595,0.977279810933396,2.76563107571565,1.877350187907
2.08925906289369,1.64842688054778,2.47126835305244,1.39220767794177,2.87320720241405,1.68257494224235
1.85537009360269,1.10554561172612,1.92747389292344,1.96625019186176,3.81871902220882,1.97308048657142
1.21811578096822,1.63340173321776,1.05460636341013,1.69214730993845,1.06217415537685,1.79240384930745
2.27384320646524,0.96784948464483,2.91407401720062,1.13847772330046,1.39172261138447,1.22616668767296
2.44319587433711,0.31793917035684,2.17059653485194,0.694951958116144,2.99621514207684,0.295773488935083
2.29124378506094,1.09380777431652,1.41033615916967,1.20741821136326,1.24455602839589,0.781369736464694
2.17749998997897,1.22161548482254,2.62416070140898,0.9491892978549,3.76172853820026,1.86383804408833
1.87084108218551,0.471268400549889,2.37741881306283,1.75394120044075,3.57442504842766,0.615821357769892
1.81024824269116,0.659652239270508,1.25555065390654,0.924411016190425,1.05513332318515,0.791959647927433
2.99899767944589,0.519955969229341,3.70847588358447,0.821492427960038,3.84545502881519,1.79076208551414
2.04119391180575,0.686873355368152,1.93298921454698,0.212923626089469,1.34541439986788,0.428372022882104
1.8110489891842,1.94165329039097,3.71467211539857,1.17921673278324,1.47373090474866,1.5301952383481
1.34758755192161,1.19907472203486,2.33975159283727,0.845608335593715,2.59048214391805,1.62660273443907
1.35105950385332,1.68407173473388,2.87204892467707,1.90378444613889,2.11571665108204,0.875060959905386
2.29394555557519,0.327104300772771,1.06221728515811,1.20786242373288,3.44010843569413,1.84755239598453
1.01026948913932,1.2497287501581,2.66045474936254,1.28838665043004,2.08148955809884,0.872098965477198
1.9472166323103,1.6863846316468,1.6267166917678,1.09444621801376,3.30168856284581,1.37890251348726
2.42941107647493,1.7873287087772,1.84347857371904,1.95932089933194,1.45007327082567,1.01456511002034
2.37889783270657,1.50540463738143,2.65180883859284,0.829611397115514,1.43029210437089,0.907796080829576
2.66950161475688,0.538538720645011,3.15567039628513,1.35782188451849,3.62210356979631,1.88701222771779
1.4064394547604,0.245695524290204,3.5702918600291,1.81617931379005,2.89132332825102,1.15249908533879
1.72550723329186,1.93986978903413,2.14894738583826,1.91333564491943,2.51309201307595,0.579361971607432
2.91076076356694,1.02323179715313,3.50139851891436,1.85669622253627,2.61741880630143,1.35447873603553
2.72212412301451,0.677449835184962,1.38063158839941,1.14571058196016,2.68311081640422,1.11793097085319
2.48118529934436,0.725489561120048,2.56179096060805,0.532032373081893,1.21292939363047,0.616275419294834
2.66252826619893,1.73362454213202,2.88394157472067,1.94395256461576,2.49436113820411,0.370906627643853
2.00884277978912,1.27163132950664,2.07649122807197,0.651243163645268,1.00259421858937,1.28709424519911
1.29997265059501,1.69573272853158,3.12005984294228,1.19584208265878,1.74056577053852,1.38536844016053
2.72339460998774,1.40120497625321,3.32257173303515,1.51017906581983,2.52856250084005,0.983811490284279
2.8877080893144,1.30525966458954,1.67149741877802,0.721156677510589,1.12605621782131,0.5117336650379
2.29342321865261,0.590935605857521,1.54411909403279,1.15908319810405,3.06192725268193,0.322428371431306
1.64921926427633,0.54397300183773,2.21690576267429,0.730368866864592,2.86432859604247,1.76000215671957
2.62236766796559,1.11776283280924,1.49365175003186,0.365339841134846,1.25065707950853,0.781336390739307
1.05863664345816,0.40240063094534,2.6064762736205,1.72528338129632,1.19126989715733,0.430613879812881
2.03127257199958,1.49923336980864,2.07965411897749,1.34511064412072,2.06097909342498,1.14620089060627
1.76706733554602,0.284338723542169,1.65362188499421,0.37884510718286,2.44828433566727,1.43538206531666
1.64893372217193,1.71327201640233,2.60366243310273,1.77445248444565,3.1098297315184,0.572706116456538
1.09013972105458,1.18440268207341,3.54010669677518,1.16063256734051,3.83878004504368,0.89123099851422
1.17858357727528,1.45474983644672,2.90080119180493,0.382468051556498,2.37894501234405,0.667656026408076
1.92844646750018,1.61231514303945,2.73523402004503,1.03779874774627,1.0618865841534,1.79017407028005
1.28742039762437,1.16373336147517,3.37400818429887,1.61448185704648,1.79656377085485,1.12535482081585
2.40028296876699,0.807300175260752,1.22054725280032,1.01489193467423,2.30781649635173,1.68421198953874
2.91514798626304,1.26332466397434,3.90958459419198,1.15615806435235,2.77944644284435,0.600143794110045
1.30427424563095,0.714427510462701,1.74127383669838,0.607618146715686,2.63124534022063,1.26978316972964
1.6753335930407,1.36600701664574,3.02807262144051,0.273851162241772,3.48502579680644,1.43323400146328
1.57214244361967,0.367156272474676,1.20945276739076,0.607394235068932,2.72277473309077,1.24194540455937
2.78823895426467,0.533353336714208,1.64069404057227,1.31854731170461,2.49018648383208,1.59701482537203
1.56009191740304,0.836239527445287,1.35652907588519,0.462747390475124,3.74185042944737,0.209689079830423
1.1921243048273,1.1507461108733,1.16063229064457,1.05759065868333,1.06601044838317,1.97832277147099
2.17518685106188,1.25437818095088,2.43401373131201,1.83292185859755,2.64942559599876,0.865833869203925
2.84832956967875,1.57728218957782,3.15318834781647,0.401771503733471,1.15723848668858,0.893769343476743
1.95566216856241,0.922884657373652,3.43163635930978,0.689681877987459,2.19685104093514,0.978753453865647
1.09484322601929,1.86427233731374,3.40490995277651,1.48465109919198,1.14461590279825,0.216153420647606
2.11769591923803,1.52131972950883,3.16652924683876,0.24610107219778,1.96771664638072,0.615562732052058
2.13442660914734,0.43925756951794,3.68342267116532,1.35015727989376,1.24747089040466,1.45381561550312
2.13235914427787,1.92047678083181,3.69793293438852,1.57115550241433,1.39366360311396,1.59469466260634
2.04933043848723,1.00898156180046,1.7764157592319,0.726513232477009,3.80073364148848,1.59434366747737
2.2049309052527,0.633195442939177,3.33310262905434,1.1099029826466,2.22848026221618,0.995017861807719
2.98757511656731,0.432818207191303,2.87642107764259,0.309468143666163,3.99229797464795,0.59321091203019
1.95136040681973,1.30916000050493,3.14963389909826,1.88073768671602,2.49669505120255,0.853168067941442
1.4441950856708,0.235924067534506,3.63102649059147,1.25780984191224,1.58869918761775,1.23974032322876
2.63453725818545,0.870456676138565,3.32866225298494,0.809608940733597,3.79816271550953,0.582546394923702
2.10466255247593,0.738087139138952,1.01949275494553,0.866546378750354,2.07049395050853,1.66334722768515
1.03314765077084,1.6608351059258,2.07417993014678,1.87022043042816,3.20191877009347,1.40926192519255
2.85434046341106,0.332199564995244,2.41080644796602,0.255180699238554,3.30660418793559,1.57258162372746
1.02561200968921,0.33314158571884,2.99682647897862,1.87012838204391,3.87884308071807,1.18830801988952
1.09373483154923,1.19999638604932,3.83875767793506,1.80353751033545,3.2855090002995,1.97450327984989
1.04527083784342,0.94116412261501,2.18852258846164,0.40388003224507,1.4361255869735,0.719666390214115
2.60073692025617,0.891849164292216,3.84737899200991,1.71411832836457,3.64407887402922,0.375148175749928
2.20241718925536,1.74218009067699,3.4973250166513,1.75345922759734,2.25455715577118,1.84897586274892
2.97684252401814,1.79666908383369,1.57767832255922,1.01619071853347,3.08695561485365,1.18067386839539
2.45583754312247,0.634012178098783,1.74796818965115,1.61816717786714,2.31470349268056,1.80147965084761
2.95530699472874,0.56296902676113,3.18351337080821,1.55998696931638,3.58025366324,1.34305241247639
2.31108554033563,1.67937567373738,1.48485998227261,1.55439340849407,3.05994510580786,1.72710666274652
2.43727182829753,0.423381855152547,3.89510793681256,1.53012116285972,2.59400283102877,0.29393039518036
2.40402708528563,0.984242396382615,2.96951768873259,0.297761819278821,2.14674727106467,0.685389487352222
1.44565121689811,1.24848529188894,3.14178051054478,1.99449546295218,1.18908390868455,0.388474820926785
1.06064441101626,1.00745350858197,2.96759223984554,0.497845426481217,2.62237120140344,1.35392008260824
2.49290802609175,1.96590532222763,2.02760674851015,0.394376243604347,3.92333933152258,1.09903205111623
2.26652365876362,0.570118972053751,3.65872512455098,1.5239896053914,2.74673427129164,1.3985593081452
2.59749913774431,0.787515538977459,3.27354455855675,0.517208633664995,1.38389280042611,0.395133607648313
1.1722809090279,1.60795954698697,2.96845089946873,1.2466152088251,2.35522021912038,1.97687481949106
1.95594682125375,1.08652630061843,1.02870278386399,0.745295277051628,1.97393607511185,1.66446133181453
2.29000445455313,1.24793202090077,3.11729922471568,0.82629207293503,2.86388410022482,0.588214092422277
1.21260795136914,0.580586443189532,2.62887373031117,0.201737623428926,1.76865368103608,0.810162358405069
1.66844916390255,0.268333380948752,3.4715019299183,0.776920253876597,3.17231095093302,0.893228735448793
2.25671626534313,0.658285328140482,3.6671395865269,1.28948902995326,3.83207145752385,1.52357151312754
2.5671119117178,0.808651756308973,1.29026513081044,0.860305094206706,1.9992172808852,1.58973806188442
1.53873738879338,0.886723459511995,1.02446790901013,0.276464121229947,2.17037075781263,1.61774898166768
1.61909145722166,0.361524123046547,2.1527487912681,1.31570464666002,3.45298019330949,0.800128219090402
2.43516196357086,0.916984058637172,3.77171211270615,1.64478243743069,3.47042228421196,1.01867391183041
2.8791898782365,0.622105021215975,1.84439073852263,0.415931610157713,3.21495301229879,0.223727052286267
1.80532616982237,0.753914472740144,2.28790224692784,0.960527385119349,2.00686066714115,1.87263952731155
1.01459119608626,1.37717184284702,3.77116345847026,1.57589208991267,3.93650412815623,0.521547556435689
1.81440460635349,1.59186183917336,2.96481859195046,0.598662910051644,2.13964313664474,0.865709968749434
1.4583681258373,1.56556934993714,3.00700509897433,0.685515156807378,1.38348594214767,1.4413927431684
2.58314527058974,0.455963114090264,3.83719198452309,1.03879455849528,3.87794164125808,0.558959571877494
1.85608560685068,0.509474626043811,2.49838096625172,0.775743655115366,1.76044778106734,1.09927597288042
2.74132433952764,1.50634585763328,2.05236899992451,0.736822297796607,1.80112462281249,1.87469458472915
1.18786935601383,0.469003175292164,1.88909085886553,1.12717014029622,3.15806848742068,0.464223889540881
1.10303656058386,0.969514768896625,1.54944295622408,1.62496729814447,1.43710219603963,1.68010274264961
2.75970791978762,1.02668410651386,3.08924382901751,1.861585068563,2.21887589618564,1.79527062824927
2.62463106866926,0.371252136398107,2.27367781917565,1.62473098547198,3.95592647092417,1.62405409817584
1.76536981016397,1.7505065437872,2.64504025341012,1.2832840336021,2.45876959781162,0.658736596815288
1.79597025271505,0.315388276427984,2.98255548765883,0.543220721837133,2.40290195005946,0.864948150562123
1.73624080652371,1.15031469138339,1.61559750628658,1.55854688500985,3.29679173277691,0.814940207498148
2.26016261009499,1.19987958758138,2.36958210659213,1.65029048398137,2.36579197202809,0.924935606820509
1.59295502398163,1.46099485680461,3.17052100878209,1.90922316722572,3.67406110372394,0.765919863013551
2.12418394349515,0.72467704876326,1.04481763881631,0.439367394661531,2.62387510132976,0.82647926514037
1.36152294650674,1.42121785511263,1.75052626756951,1.85288574271835,3.39258448709734,1.60715452469885
2.22049271641299,1.23572294409387,1.14696990093216,0.657875681901351,3.72011293796822,1.83348472602665
2.95429592486471,0.45495315133594,3.29849110567011,0.522947715641931,3.90756711200811,1.04741408652626
2.80753293214366,0.879531633621082,3.20401857653633,1.12853677943349,2.75341401179321,0.293607870023698
1.44938689377159,0.294818487158045,3.74200352840126,1.00523126027547,3.9781993816141,1.5643592084758
1.18855332490057,0.701039385283366,1.17522994359024,1.48411809480749,3.2361048636958,0.944810235407203
1.4200220243074,0.929774338705465,1.99131789244711,0.776214942708612,1.31234414852224,1.25876803803258
2.17035152437165,0.415984189836308,1.46178173623048,1.30928081013262,1.21907419897616,1.56744338800199
1.12787375180051,1.1799740021117,3.87686097784899,1.9708011851646,3.18034569453448,1.38637879351154
1.20795143395662,1.75342243649065,3.78856417001225,0.684377288725227,2.28286034497432,0.430922830058262
2.37365295970812,1.44275395963341,1.25627220864408,0.577193913981318,2.24538636114448,1.72619767971337
2.72081849724054,1.59245577747934,3.97610393585637,1.47882195366547,1.61528784874827,0.738709465693683
2.05335709732026,0.723891835007817,2.067300980445,0.535453518945724,2.125128678279,1.2132382646203
1.49060458177701,1.91048027458601,1.83505496289581,1.40073368656449,3.66238363808952,1.99799032639712
1.73145783506334,1.72400010940619,3.99113133666106,0.473688486916944,2.1291517354548,0.841998593555763
1.76969757955521,1.31794142876752,2.16572247631848,1.48652497213334,3.14688800089061,1.9131222311873
1.82715068524703,1.04670277601108,1.07380551355891,0.494908923096955,1.12897184537724,0.565277721825987
1.29830910731107,1.90878285956569,2.46232208935544,0.591296500433236,3.43600858282298,0.508436058368534
2.19351817155257,0.784352725045756,3.04685384570621,1.09547230964527,1.6426137862727,1.23831071462482
2.25278388196602,0.832467135833576,3.09660989721306,0.791313618607819,2.59006345947273,0.258679555403069
1.14857269078493,1.76129018911161,3.91515540331602,1.29439173797145,2.40543620451353,0.60948087759316
1.32368613034487,0.488158904388547,3.46632377733476,1.09598171436228,3.84056068328209,1.83234743629582
2.95266740210354,0.426301699504256,2.62613686150871,1.68149705380201,3.66027705417946,0.366146246017888
1.77312733838335,0.330262867175043,2.80662541068159,0.275475296378136,3.62730912910774,1.05327760581858
1.82005715556443,0.673436356987804,2.67050072434358,1.85826595393009,1.84495271299966,0.410323213785887
2.114663568791,0.707716760970652,1.52390389936045,0.34927681973204,1.40343015477993,0.916879015369341
1.82195598818362,0.807976669445634,2.34755972889252,1.78890520101413,2.50427608238533,0.577218068949878
1.78741103503853,1.15593821038492,1.4448303882964,0.438839439954609,3.19660675781779,0.327775228954852
2.23552993685007,1.59857676117681,1.30274715996347,1.44604873573408,3.0552335632965,0.2574146901723
1.17597167333588,1.91514434562996,1.86066457792185,0.650645243935287,3.33034191373736,1.60138457301073
2.13344129687175,0.811775873508304,1.81838531396352,1.74259088230319,1.05518464138731,1.8469165657647
2.13978718640283,0.935064524505288,1.77366739464924,1.96893413173966,1.59570030495524,0.560337552987039
2.35523983137682,0.484132397780195,2.62671364890411,0.81111020622775,2.14396487665363,0.637040950311348
2.581637814641,0.28584754448384,2.98350067995489,1.26420830222778,1.0350794326514,0.368997359601781
2.00265139853582,1.6362611268647,1.72332822741009,0.946880693733692,2.57594804605469,0.953788983728737
1.32174441590905,1.05243659708649,3.30314280977473,1.7343432018999,2.0357994986698,1.15297600557096
1.13357314188033,1.69732157946564,1.65949040395208,1.27495101494715,1.50473816506565,0.653012232622132
1.23398478096351,1.29393227263354,2.02155232452787,1.20949482116848,3.36567051522434,1.97298565707169
1.16004352411255,0.357889394974336,2.1333945277147,1.9808743879199,2.54600901110098,1.64423093628138
1.35796134592965,0.591099249524996,2.89114613062702,0.770557521423325,3.71558874915354,0.96327333683148
2.92604223545641,1.32259912411682,3.13849758380093,1.25530903991312,1.76155586866662,1.13363228924572
2.59754517860711,1.13767920411192,1.02332110470161,1.54917586194351,2.02309584850445,0.825921952817589
1.61306642834097,0.62618794767186,2.05585235264152,1.33717867983505,3.3834839342162,0.564350612089038
1.59220556123182,0.64201662405394,1.43410813272931,0.644321656646207,2.14442924736068,1.81014395668171
1.51026448886842,1.1861134310253,2.58411556249484,1.48443308044225,2.96832578419708,1.77592809377238
1.21542964503169,0.475528803328052,1.70391400600784,0.775980886863545,3.14426207984798,0.588482382055372
2.91147009236738,0.287240920215845,1.71436501340941,1.198357678717,3.19963864935562,0.20491242473945
2.79218889633194,1.58182298964821,3.31675501633435,1.10958650084212,2.45260582002811,0.657818693760783
1.5048684887588,1.50666891043074,3.05293327639811,1.32585424752906,2.43255416257307,1.66119713289663
2.98697761027142,0.423408865835518,3.43454080959782,1.01782549140044,3.15848270640709,1.67533368952572
2.37897528056055,0.70514054489322,1.29075168562122,1.8170596701093,2.19456542725675,0.393735792441294
2.56252005556598,1.69612503806129,3.89718761341646,1.91164230308495,3.38269378407858,0.925623329402879
1.6395315672271,0.473265509260818,2.8214713181369,0.456801411695778,3.87851465609856,0.530162965180352
2.2053063265048,1.06279036519118,3.93406664486974,1.32122409720905,1.30043905065395,1.85247565978207
1.16621037293226,1.2629555832129,2.01332064601593,0.310190606722608,2.98890462704003,0.671681166347116
2.06812467612326,1.18934948854148,3.21479722834192,0.829022330371663,2.96970162680373,1.6233040900901
1.1397274392657,1.21859092828818,2.87766109011136,0.864848113805056,2.49659795803018,0.415858207736164
2.93707967782393,0.969225451163948,1.01236050971784,0.505739212455228,2.54242769628763,1.69910134794191
2.31785162119195,1.01974144107662,1.33424561866559,1.67399842552841,1.17639450775459,0.650305133964866
1.23721287585795,1.24616546146572,3.37263596965931,1.4911711063236,2.15321703162044,1.92216776274145
1.32645501941442,0.491918263398111,2.21650240453891,0.916616909066215,1.02859249268658,1.85215737209655
2.16254086373374,1.17778656929731,2.51223138649948,1.39435330308042,1.01146421255544,1.17247914485633
1.8590335380286,0.651362779270858,2.88868337171152,0.945713664591312,2.45416336273775,1.80191635973752
2.14294940466061,0.437100371066481,2.71901533356868,0.576835862966254,3.96482726279646,0.519831401156262
1.4167692726478,0.867508640931919,3.17723075510003,1.39910863880068,1.40143083757721,0.210156067926437
2.38936413871124,1.21927325124852,1.94487461773679,1.01789484662004,1.34430834418163,0.255645836610347
1.61444083740935,1.57842553691007,3.11935899988748,0.944184459280223,2.06930714985356,0.510849047359079
1.5119704073295,1.50280538951047,3.91619747155346,0.88798395190388,2.16045208647847,0.647605761745945
1.78722104243934,1.09100697143003,1.09658620902337,1.30144999739714,2.1019008026924,1.69899740521796
1.69787740521133,1.7586097214371,3.9692521658726,1.59070295849815,3.94456254434772,0.497186986077577
1.82317632669583,1.88139626877382,3.9770856264513,0.916759370826185,2.29254385922104,1.20569396964274
2.88716837624088,1.32953063785099,1.06323472526856,0.217165055591613,3.70425379322842,1.12930747698992
2.16197626292706,0.750687016313896,3.67816271679476,1.4446015838068,1.55973160127178,0.800678420625627
1.7367461877875,1.9340650562197,2.82490204996429,0.26901271995157,3.80694279400632,1.8917325518094
2.09196168230847,0.233561810851097,2.75407006964087,1.1998659087345,2.35371155408211,0.915334401186556
2.33735393732786,0.666515553649515,1.95563222188503,0.80349878477864,2.18538183486089,1.90214607659727
1.07466679951176,0.560004312824458,1.54539767792448,1.3617809088435,3.34799513919279,1.06395934061147
2.72815553005785,1.32768248729408,3.55407730233856,1.14719284400344,2.3328881196212,1.26204674560577
1.15642143879086,0.880643034167588,1.3114891552832,1.06871644994244,2.77551402337849,0.992282638512552
1.12376104295254,1.99399606329389,3.7572629430797,1.52371695926413,3.72543637058698,0.658981022331864
2.37212954321876,1.85962402927689,2.84225598699413,1.3482392330654,2.62147077685222,0.222426780639216
1.18628895701841,0.616912909969688,2.53819501260296,0.333996680239215,2.56036070059054,0.546372794359922
2.82985537592322,1.73996875016019,2.1761399966199,1.06544358204119,2.97231898154132,1.08932284465991
2.40166285540909,1.82405264540575,2.77865060977638,1.20637580854818,1.05417916295119,1.52055744864047
2.57580591086298,0.30544456737116,1.29704371350817,1.32092208801769,3.32969958335161,1.31232536924072
2.51308257924393,0.746850110869855,3.82568470435217,0.352776701841503,3.09578846860677,1.92341694082133
2.79700177581981,0.523780841613188,2.50538322282955,0.533870251616463,2.27870431728661,1.3740613759961
1.2124338154681,0.667738938098773,3.28669728664681,0.400766805652529,1.31863279081881,1.71544558219612
1.1808097185567,0.591682557901368,1.82832476613112,1.39049991169013,1.59800642845221,0.693802009616047
1.52039604075253,0.399084498593584,2.872100999346,1.50536876199767,3.23196277651004,1.16227841060609
1.34140783455223,0.819744053902105,2.63088545622304,0.364499128283933,2.14310146169737,0.691980153508484
1.87982016941532,0.208210057811812,1.54854437080212,1.33111097821966,1.26337545737624,1.24239144250751
1.3600654322654,1.1080733992625,2.64069374836981,1.42920129853301,3.69535227213055,1.32650909628719
2.86350912274793,1.5978564417921,1.48246978968382,0.840227307984605,3.44755483674817,0.342789406049997
1.22652528760955,1.25225469744764,3.05650805821642,1.53332340987399,3.44415282621048,0.812430380703882
2.78860010672361,1.24716537306085,1.00216916040517,0.60259292460978,2.11982164555229,0.715677642403171
1.91385259944946,1.45458492585458,3.09153595822863,0.822516030166298,1.96818938152865,0.418427507067099
2.41875537019223,1.91929559926502,2.52988709649071,0.67385942642577,3.9688591202721,1.10217656861059
1.95950960507616,1.1892051148694,3.30420399573632,0.460847459454089,3.70762714324519,0.608833011379466
1.36248859390616,1.78467257125303,2.22920491546392,1.04886741507798,3.27668972034007,1.40811121142469
2.59064518939704,0.748751030117273,2.8878718574997,1.60765110929497,1.57633948884904,0.242972564138472
2.43694297270849,1.06011004378088,1.58938854187727,1.17098589036614,1.9975280452054,0.504900064505637
2.01281229965389,0.685551426559687,3.17161466763355,1.28956848997623,3.72167322924361,0.552098727226257
1.12803440075368,1.78042321833782,2.79887726181187,1.66513568651862,1.12337645841762,1.74321644762531
2.86387557070702,0.946028753323481,2.33790128282271,0.777615741454065,3.65732048940845,1.25231746197678
1.79738955153152,0.502612097468227,3.54002017667517,0.566879068501294,2.29684487287886,0.68664279980585
1.36758482176811,1.92281350078993,2.3848405838944,1.25868784207851,3.87710323161446,1.07727652178146
1.03723348211497,0.248688729573041,3.95779159665108,0.591365420212969,2.93493244680576,1.10715701249428
1.70820087986067,1.5491642978508,2.89000170398504,0.76718355352059,1.77656182367355,1.8241382451728
1.25691874744371,1.2939847341273,3.35686675226316,1.64793067774735,2.32942055072635,0.750507343094796
1.49624298186973,1.79615246313624,1.35515418741852,0.611514209536836,1.22188891470432,1.94959932076745
1.52368495380506,1.44180339691229,2.49457985069603,0.864658728893846,1.32437259936705,0.391714327177033
2.6552849994041,1.4755264500156,3.84256348037161,0.396179114282131,2.65496695390902,0.94006570186466
1.81982404273003,1.47554845251143,3.46422665240243,0.204181877337396,1.13383367261849,0.804933613212779
1.39852836588398,1.03168130707927,2.71836522826925,0.309750971291214,1.98506548930891,0.952011324139312
1.34219751413912,0.467801766935736,1.33785692881793,0.223853438394144,3.83897266956046,1.83387104626745
1.16517636552453,1.73563700523227,2.01809630030766,1.40347321438603,1.20534889749251,1.67128918236122
1.28106564329937,1.26299193259329,3.36010852106847,1.19361015954055,2.69184291129932,0.817692005168647
2.98170889541507,0.926087167160585,1.78942432906479,1.94764010622166,2.06461924361065,1.90209042872302
2.33044040156528,1.80025251968764,1.06741523579694,1.0450212597847,2.36403212160803,0.414421844575554
1.27739196363837,0.744625966576859,2.88051109923981,0.58989607677795,3.09544051345438,1.08744125659578
1.37511285068467,0.29860169980675,2.79843078088015,1.80492078335956,3.23630774067715,0.359483270440251
2.51347083877772,1.23090305640362,1.41673142486252,1.55271960822865,2.25802144524641,0.78078208710067
1.59100040141493,0.871811047522351,1.58723799558356,0.518245175853372,3.09125478868373,1.64220817978494
2.40099788596854,1.67587302643806,1.14667420554906,0.86087342412211,3.56601764960214,1.5747104473412
1.49514111503959,1.27200671597384,2.79280884563923,0.231558269448578,1.39461062615737,1.81110817813315
2.61782231414691,1.09829290262423,2.44448942132294,0.308959352923557,1.56677465257235,0.857020173128694
1.45789945404977,0.553014102298766,3.59729936835356,1.99265466961078,3.85732988198288,1.65144555591978
1.68568658130243,0.744081669673324,2.05673538264818,1.34101637862623,2.71994292037562,1.69096930720843
1.28260630182922,0.219866363611072,2.28133102552965,0.458204556535929,1.4177329512313,0.525409937417135
1.83344933856279,1.63887195056304,3.00963525217958,0.43810869641602,2.82047862419859,0.340775984479114
1.75715461792424,0.882903024088591,2.43780007655732,1.94140114136972,3.05397974443622,0.465820183604956
1.43339563487098,1.32988293468952,2.92570650205016,0.800931953918189,3.91339211631566,1.50114401080646
2.22322266502306,1.17484565116465,1.69970622984692,1.06480908538215,1.42835238948464,0.40148539878428
2.92130249692127,0.986085046315566,1.24355658283457,0.924353393539786,1.3982678942848,1.45779987773858
1.87888628570363,1.40868348167278,1.30942397727631,0.219543970888481,3.23551687598228,1.33943193657324
1.90004149312153,0.597305084066466,2.37863248749636,0.970840427232906,3.15780101460405,1.14390208534896
2.50115357385948,1.8976368968375,1.58365002693608,1.31263043112122,3.52639466384426,1.59307791376486
2.25260873744264,1.88622908596881,2.75608886219561,0.541495712753385,3.87598987179808,1.1876655486878
1.77387163322419,1.13429554463364,1.15464742667973,1.02614507386461,3.77068753610365,0.324483040766791
1.50913712056354,1.19547052588314,2.67382841953076,0.220710818981752,3.72706547589041,1.24856063094921
1.3619626169093,0.903652820177376,2.05724418442696,0.359463867172599,2.59996425709687,1.34245839370415
2.79406648036093,0.96580777540803,3.08627685182728,1.09580879486166,2.69260278670117,1.60518699027598
1.73729930678383,1.85405788314529,1.64544207439758,1.16289699631743,2.96958261006512,1.7814606171567
1.69517612131312,1.22764981640503,1.50962653709576,1.71771533996798,2.56908182986081,0.392026575701311
2.35298767173663,0.792576444521546,1.94478974398226,1.93579985243268,1.47989044408314,1.20118992715143
2.78566805552691,0.588413976086304,3.77484890725464,1.48017200459726,3.05512135964818,1.50470214714296
1.77716251835227,1.1589801652357,1.53019692120142,1.33640347952023,2.82943508797325,1.7980451723095
2.86070078937337,0.356635295040906,1.87814739928581,1.482573662512,2.233832385391,1.32054502181709
1.80847886577249,0.751219198433682,3.01483234716579,0.773188879946247,1.5488727283664,1.85786706083454
1.79172634286806,0.56199451778084,1.05087569286115,1.26883963313885,2.86650812416337,0.843675594450906
1.81095243850723,1.15873451512307,3.12062754435465,0.527030589291826,3.24037338211201,1.30929194549099
2.57663481263444,1.78550891880877,1.02774927043356,1.49596181032248,2.13731036218815,1.7695568272844
1.29787277802825,0.763484682934359,1.95110472361557,0.960665320651606,3.06360258068889,1.25231168391183
1.60838073957711,1.20754219270311,2.06767497956753,0.454253795929253,2.79370769369416,1.89431079085916
1.99243622785434,0.617364723049104,2.41405238397419,1.53666494358331,1.52643008972518,1.78273705737665
2.17747305240482,0.536042896658182,2.17331561027095,1.8656960056629,3.63770144083537,0.921560465032235
1.9152556117624,1.9875540996436,3.19701896375045,0.683470971137285,1.62230295478366,0.602249057870358
2.8550422322005,1.00396524127573,1.86585211823694,1.33033778830431,3.53641044232063,1.01605229768902
1.1156135299243,1.72480505667627,3.1758259634953,1.28290814254433,3.58600272680633,0.901181939477101
2.15405625943094,0.226292668608949,3.88785821571946,0.758402930758894,1.19619593815878,0.983746634889394
2.04740024590865,1.85940011553466,1.24050239264034,1.3092862395104,3.32235772558488,0.666938762227073
2.37238594796509,1.83127404684201,1.18693311163224,1.00320681524463,3.44880155054852,1.40204244111665
2.01048900280148,1.58558131936006,2.27764171967283,0.807713967608288,1.17037891014479,0.406087273592129
2.48999922536314,0.808602888556197,1.44049600209109,1.98535512494855,2.7644581142813,0.598630748270079
2.03504761354998,0.248736212635413,3.02272301283665,1.93433442167006,3.04028678452596,1.67942508757114
2.00392564851791,1.09286448122002,1.27890224079601,0.859898084076121,1.10062299086712,0.479464950505644
1.79456466622651,0.851416638679803,2.22781511070207,1.41079057436436,2.49740350292996,1.84857880696654
1.37234020931646,1.58992918604054,3.21897540171631,0.834141874033958,3.41188449878246,1.55041349940002
1.12145666638389,1.80719615994021,2.88788865762763,0.235417449381202,3.50563533348031,0.779986680531874
1.95002568652853,1.90579881696031,3.39340229751542,1.53166137319058,2.68596781254746,0.355036686733365
2.65968372439966,0.448990601953119,3.98400194267742,0.248665342805907,3.89001577417366,0.419172190548852
2.3043938903138,0.933276444114745,3.08311670040712,1.51771527980454,3.56857039663009,0.552590891206637
2.22801579209045,0.985527336690575,3.88107859925367,1.15887113134377,2.14621368260123,1.07767551043071
2.17993452074006,1.22110436223447,2.41406180034392,0.971761608868837,2.21172114415094,0.701901297224686
2.26550824334845,0.262171218637377,1.7656446644105,1.51780116916634,2.84639446856454,1.04501181044616
1.48544305143878,0.307415689667687,1.32698279735632,1.64355188771151,1.27509893896058,0.894825770892203
1.43172367429361,0.604285960504785,1.10321213421412,0.737477414356545,2.52972735487856,0.599128069635481
2.80044226115569,0.674781300825998,1.82478865911253,1.26037255432457,3.59995565703139,0.456772784981877
2.40449938643724,1.82392248744145,3.10433390969411,0.234159192861989,3.70492778136395,0.716505492385477
1.71194911748171,0.469211807986721,2.84652333264239,1.48257052181289,2.61882273457013,0.714891778212041
1.19396656285971,1.84273463184945,3.66087112645619,0.966503102472052,2.4714590406511,1.12745843962766
2.19242562446743,0.446935922140256,2.15736032999121,1.88284680237994,1.6036035658326,1.65820006313734
1.18491677520797,1.39051470197737,3.90889485157095,0.61919906148687,2.43125505698845,0.526038754498586
1.63658228935674,0.213589623197913,1.92023147456348,1.90968005973846,3.38190639787354,0.913850772473961
2.06472436757758,0.594553961139172,1.74481160542928,1.8976256432943,1.39808383747004,0.229180674720556
1.87120157852769,1.51496061845683,1.41799018695019,1.89850007318892,1.01216184883378,0.975888425065204
1.71862962003797,0.592847144976258,1.02383264666423,0.844804943585768,2.5126264905557,0.440636051446199
1.93243901850656,0.613223812682554,1.12701199506409,1.36175858280621,3.69202551362105,1.10400623246096
1.68890894250944,0.422504556970671,3.12860809545964,1.60565609647892,2.58903315174393,1.74333780878223
2.4498209930025,1.16877375692129,3.34460630500689,0.62193415989168,2.17432300117798,1.81157707939856
1.36784361163154,1.63170599667355,2.57901101000607,1.95595312356018,2.67830777633935,1.79375705560669
1.86563667003065,1.70681279944256,1.04884788277559,0.769339447328821,1.28447965206578,0.623007631069049
1.11231811065227,0.382764254603535,3.61099589895457,1.30888085379265,1.76204486261122,0.74021624061279
1.34468998759985,1.88452883576974,1.43210863182321,1.81223486727104,1.11647472111508,0.234152737958357
2.98871966684237,1.91152045829222,3.649012374226,1.6064049419947,3.6627725053113,1.34692351231352
1.07022006157786,1.29486659415998,1.60044425120577,0.253460065089166,1.13748599332757,1.98935129996389
1.20648319832981,1.14775889739394,2.23092340258881,1.50699975797907,3.64386187144555,0.772954802308232
1.54612272931263,1.62213810449466,1.60969175910577,1.81816982342862,3.07762878900394,0.563840223755687
2.13181530777365,1.72147815735079,3.63815800799057,1.17456087181345,1.53925427445211,1.75806087944657
1.64334677252918,0.532462151814252,2.01202138885856,0.732467404566705,3.19690246647224,1.87329775355756
2.60668517788872,1.96821395317093,2.69613775587641,1.45498611852527,3.26718751923181,1.0856218169909
1.32832864951342,0.834747774573043,2.33923201891594,1.79827589509077,3.00910444092005,0.268433112604544
2.96275496156886,0.968395015364513,2.22998065012507,1.90648489710875,3.23564149951562,0.780300079472363
2.28375251870602,0.967594272457063,2.79221172863618,1.56463237637654,2.15267040091567,0.489944381359965
2.71352643892169,0.858175327628851,3.94864283874631,0.474173906818032,1.79902891931124,1.01546986899339
1.3713754392229,0.717538307560608,2.51001071301289,1.4588031060528,2.19096592022106,1.22269744141959
1.59456762624905,0.754591480735689,3.7325398134999,1.85937088155188,2.15979326260276,0.522093301312998
1.88046425767243,1.81633803099394,1.65289635933004,1.19278401904739,1.1887244284153,0.69222863712348
2.5616188053973,0.314159055659547,2.24625507486053,0.385880235908553,2.90672823321074,1.64569859872572
1.91723882732913,0.916614225599915,2.24518699478358,1.66884845010936,1.02354455646127,0.680537652038038
2.20630411477759,1.58521266020834,3.16083326027729,1.41278741988353,3.91271131439134,1.85190273323096
1.11783420061693,1.43601831463166,1.81474990723655,0.790582007542252,3.49154397821985,0.384505968401209
2.88297419203445,1.66253707818687,1.4139019807335,1.4551991244778,3.49179720249958,1.49712527883239
1.6867903159,0.791794807324186,1.11005998216569,1.04398695095442,1.47404668387026,0.336255551176146
2.35839856788516,0.299729167623445,3.00215983926319,1.00723876799457,2.05776739050634,0.80104726459831
2.89643340930343,1.82809026851319,3.98264292185195,0.7490687972866,3.81308018625714,0.601410912396386
2.65054630720988,1.92082887147553,2.97971645672806,1.35638828445226,1.86378209828399,1.55206658001989
1.0965395825915,0.986938356747851,3.91368327639066,1.89137691226788,2.42759817931801,0.762277013296262
1.3492516069673,0.927321493765339,2.52939990255982,0.591230042418465,1.71997725497931,1.68745841463096
1.80507749551907,0.464264432387427,1.79786722525023,0.933487686514854,2.78385463589802,0.626319696521387
2.53434828808531,0.94641509577632,2.67233625706285,1.52697419407777,1.46075871866196,1.92290989477187
1.17133255116642,0.308093977160752,1.36221065465361,0.560228610457852,2.2074673792813,0.627072576666251
2.0309175751172,1.94701212523505,2.31745378579944,0.539651248976588,2.45208304561675,1.23470352697186
2.7965780114755,0.365956052253023,2.28722430532798,1.04882106105797,2.79643336916342,0.321419279975817
1.95960182044655,0.714706355845556,3.23732141242363,0.84037386556156,3.06557535589673,0.206873210892081
1.19009013194591,0.667365484917536,1.64337123162113,1.46308947261423,1.27937770914286,0.472095093410462
1.29123963275924,1.63587517207488,1.31128238420933,1.86140784830786,3.24646621965803,0.46156473075971
2.29780860804021,1.17783016734757,3.07445529219694,1.25050578694791,2.5030382568948,1.69218486254103
1.60739895096049,0.768500571371987,2.1062899408862,1.9394331861753,1.69672295334749,0.395444132853299
1.48375145252794,1.49089119266719,1.51955038984306,0.489440643647686,2.45821156003512,1.30522843152285
1.99787728814408,1.69577191350982,1.68731862073764,1.64616151112132,3.45439798524603,0.660932372137904
1.20883112959564,0.387784453853965,2.03750282223336,1.25867619500495,1.50412762514316,0.522355784382671
1.5052355225198,1.32263328330591,1.39176334813237,0.402118777716532,2.66585704451427,0.991973216366023
2.11270978162065,1.72693252619356,1.26859056856483,1.40074647902511,1.4523877678439,1.02983647156507
2.30992601579055,0.457708683144301,2.82386353774928,1.94270333037712,3.89291000342928,0.399849946144968
1.09012362128124,1.16029753386974,1.01804876048118,1.09382875757292,3.96242373320274,1.74842682303861
1.42574088135734,1.85001546475105,1.08330765739083,0.960282955411822,2.96943980548531,1.98279925761744
1.99333991901949,1.00440569981001,2.95739147695713,0.365352790756151,1.29896339564584,0.973174005653709
2.71698807785287,1.47083042506129,1.36484531103633,0.710207696631551,2.68434929498471,1.07530665928498
2.53349384199828,1.97387939887121,1.58732345327735,1.80415654657409,2.21538727544248,0.492819153284654
2.83387642353773,1.6735587653704,3.24496770650148,1.82795091182925,1.55818175734021,1.79021806940436
2.16069531720132,1.63755658771843,2.66859783115797,0.51224921871908,1.81389691587538,1.37955418215133
2.16565874358639,0.600712069962174,2.75886658509262,0.299220302281901,2.23050443595275,0.58951015342027
2.15832876507193,0.741922894166783,2.96044941875152,1.96634689136408,2.09048647712916,0.529965736484155
1.31539616454393,0.874160781642422,2.11263361107558,0.868367352662608,3.59124528313987,0.999662128509954
1.80501193273813,1.26046268031932,3.57897087791935,1.3709488124121,3.12953098909929,0.847489434992895
2.43719166424125,0.414180605858564,1.96365135419182,1.11259467075579,1.17364151077345,0.233023162931204
2.75192795880139,1.83070997241884,2.07354301516898,1.43577968478203,2.61746731167659,1.10945006064139
1.13435696996748,0.239638182288036,2.84291487094015,1.09082643110305,2.97674561478198,0.307067660894245
2.86064727511257,1.29284356567077,2.50909037794918,1.45272236177698,2.95915900729597,0.544056958332658
1.80730429384857,1.14924427876249,2.16608694032766,0.547859454387799,1.63993145921268,0.343461942719296
2.9696284038946,1.62306663035415,2.58253536280245,1.66450090236031,1.19020375749096,0.355167348869145
2.73033165698871,1.2664085182827,2.18887100671418,1.79792874809355,3.69295859127305,1.38856881759129
2.10150173353031,1.42937554279342,2.15992248780094,0.925249836826697,3.39454963267781,1.75225261617452
2.57673414004967,1.93908724114299,2.85981730767526,1.49896525954828,2.30888542439789,1.94105449141935
2.1529542976059,0.60312031772919,3.02290094946511,1.65906324619427,1.25340584851801,1.44778328426182
1.65126475552097,0.652699159318581,3.35479172272608,1.50593193243258,1.09492124593817,0.898179482249543
2.97870479198173,0.200480393692851,3.46447453880683,0.40103735756129,1.94239671202376,1.41215188219212
2.40643951995298,0.857121487287805,3.87846043566242,0.240360811725259,1.51169399078935,1.45849468763918
1.54450296331197,1.83952774545178,2.21977713447995,1.8106747105252,1.53240197361447,1.56861478914507
2.36539349611849,1.42526297415607,3.55245113070123,0.528067600447685,3.78614643029869,0.431922870315611
1.40781413996592,0.858902600640431,1.80857322062366,1.55141454590484,3.71657221880741,0.2772983469069
2.65666639059782,1.69464096594602,3.97680235863663,1.57301433277316,2.61938183265738,0.23812535982579
1.37040902161971,0.798208211734891,2.43699215468951,1.7294259948656,2.61112720589153,0.308690169779584
2.22565556643531,0.342937530204654,3.72642775764689,0.373045310890302,1.20138813043013,1.76015279167332
2.34311921847984,0.712375472625718,1.07208614633419,1.74192331149243,1.64544209046289,0.582317936094478
2.35494775604457,0.435875373939052,3.37895267037675,0.366769295092672,3.0560404646676,0.692852384410799
1.00129535933957,0.458081634249538,2.57546455203556,1.06814630911686,1.53868037112989,0.30080312830396
1.45294376788661,0.897539948485792,1.46508494927548,1.18258896563202,1.35594764072448,0.828341583628208
1.18616119772196,1.17907404680736,3.9954025966581,1.41420297748409,1.72641842975281,0.367941090185195
2.86245253961533,0.970854798844084,1.98723230487667,1.92195786773227,2.63519865716808,1.20495387483388
1.3859662534669,0.251943956501782,2.57390827848576,0.783980162860826,3.01635652082041,1.16963357171044
1.77728321170434,1.86069042067975,1.48146953945979,1.01258577723056,1.67538127978332,1.62390510607511
2.09060724498704,1.64166565607302,2.01773518277332,1.84137647645548,2.35614101658575,0.923150808364153
1.87411612458527,1.85757619370706,3.12029732041992,0.716943384800106,3.42713867127895,1.56079539339989
1.94607168529183,0.547375608189032,1.59340186137706,0.671181079791859,3.54809918650426,1.04415212976746
2.46998391766101,0.569337047776207,1.38030030834489,1.15757264504209,3.86752530629747,0.963091536704451
1.96486282069236,1.42337865652516,1.95341615215875,0.498667516838759,1.07177771884017,1.47668196619488
1.90993875265121,0.574656773498282,2.91535758692771,1.76491967765614,3.12216082424857,0.995000793738291
2.8931005448103,1.50451300698332,2.98326871078461,1.4231379265897,3.1795900890138,1.03546648528427
2.94629960227758,1.25529935923405,2.23561695823446,0.924182679317892,3.4275755151175,1.87710921321996
2.95020430348814,0.899618845712393,2.34552909689955,0.445712131168693,2.67258042679168,1.77848532148637
1.39367301156744,0.703211884060875,1.09149781055748,1.47533263778314,2.66856886819005,1.7072781836614
1.53381995111704,0.862981088040397,1.02573359943926,0.721800232492387,3.29189092619345,0.260513793677092
2.58793369214982,1.62207565889694,2.58679822273552,0.560343631962314,3.1537614800036,0.757191395806149
1.04325255099684,0.759848900418729,2.98466078564525,1.78088180692866,1.16447400953621,1.35142027679831
1.72298960248008,1.17139956410974,1.70714495377615,0.288469794392586,1.2872574608773,0.995659577380866
2.06439673248678,1.06680435175076,1.84432644862682,1.20714037767611,3.21627857116982,1.95712520070374
1.57234117994085,1.4212975137867,2.61413279292174,1.20361816198565,2.88146968791261,0.676345802750439
1.62464053370059,0.420239955745637,2.99118025577627,1.43124737306498,1.75339181604795,1.5951585217379
2.52908228896558,0.897027665004134,1.12662657350302,1.42774969623424,1.97267023520544,1.57230877056718
1.28317336086184,1.50029194718227,1.67451892234385,0.548800828866661,2.10650397767313,1.20740215666592
2.53335474571213,0.279116165870801,1.11410268791951,1.83381171454675,1.54106345865875,0.441036582365632
1.61227033752948,0.516753228520975,1.98341815266758,1.68063592137769,1.20248797931708,1.77322486839257
2.95648645423353,1.04522584192455,3.99732260708697,0.503728680126369,2.70852029253729,1.3355316312518
1.45822851778939,1.88236891529523,3.00531159201637,1.35130741321482,1.25042316503823,1.88090260401368
2.81595981679857,0.51180301271379,2.22804056992754,1.00136996516958,2.61926965694875,0.740823383769021
1.91546514816582,1.49649077337235,1.9882296982687,0.21929394248873,3.74383993702941,0.456416040705517
2.88744907546788,1.23067438551225,1.64753223955631,1.58927389178425,3.55785163072869,1.30658346088603
2.87723434856161,0.838152524176985,1.55653208494186,0.513141586305574,1.88148532668129,1.31728060455061
1.6085541844368,1.0097787570674,2.6768745156005,1.24325335905887,1.46415066393092,0.895001904852688
1.47141127381474,0.543540996033698,2.30325926747173,0.202375348377973,3.16908630286343,1.09210129217245
1.787616844289,0.544754710281268,1.26986861880869,1.92414644677192,3.45305804093368,1.48993350197561
2.74137382488698,1.4827597504016,2.63327732449397,0.416691720113158,2.58702523331158,1.87850500210188
1.09873374272138,0.831208607321605,2.31247942103073,1.38747301241383,2.21800858015195,0.936974147520959
2.71178658865392,0.951257767574862,1.2339439438656,1.95917480695061,1.34303447441198,1.21382402847521
2.82893318170682,1.93149292422459,2.94229941745289,1.17441681958735,1.08529051532969,1.37329622139223
1.54803187260404,0.791047104261816,3.6401349036023,1.19534536856227,2.06377486605197,0.32938483809121
2.59978701919317,1.58815294466913,1.99304692400619,1.40287398458458,1.26640610769391,1.95910842940211
2.10216972138733,0.686303279502317,1.86023782170378,0.945346351992339,1.12220140569843,1.33856716263108
2.36164412042126,1.14331343476661,2.79109721630812,0.26984216417186,2.55203325115144,0.680745859770104
2.1325539057143,1.91937637818046,1.96070710942149,1.63754603741691,1.33991825394332,0.998348628543317
1.69669386558235,1.12109765303321,1.60938031901605,1.83293391345069,3.12725684745237,1.41433887244202
2.67616730090231,0.714033773913979,2.51696411566809,1.42762478576042,3.61309355124831,1.13999464535154
2.39220613939688,1.08424345282838,2.51346994750202,0.485624340502545,1.77522543957457,0.487370143830776
1.94007087219507,0.310298732016236,2.38553368765861,0.971319339843467,1.08039398491383,1.30309923449531
1.3212710977532,0.926680915616453,2.36539280973375,1.7687746741809,1.98548154323362,1.13484814339317
2.12596982996911,1.8011722872965,2.31582817505114,1.39154401267879,1.14743252960034,1.80423211529851
2.23168514901772,0.384587829839438,3.21214621886611,1.56683114487678,1.76758228242397,1.92833550530486
1.76433569472283,0.479428300634027,3.40321460040286,0.355429012188688,2.70812888769433,1.14607795197517
1.90527583286166,1.94044912941754,2.0438158523757,0.74032006431371,3.13768929382786,0.549668753147125
2.91943732229993,1.49131488068961,1.55755281215534,1.48591341632418,2.56971773621626,1.86738038766198
2.60755771398544,1.4255743350368,2.38263819832355,1.21102014817297,2.97124706115574,0.368970747478306
2.75693994946778,0.405552102066576,2.1903016215656,0.720128866750747,3.77894292632118,0.819350321125239
2.13923229556531,1.6229918084573,3.06447264528833,1.17555236252956,1.22115584881976,0.920972490869463
2.80991697218269,1.17468826039694,3.44793608412147,0.219883582554758,3.75040697236545,1.81918589491397
2.19943549204618,0.307551760226488,1.59474760177545,1.2107850890141,3.09030244243331,0.968922618869692
2.94304925343022,1.04244936290197,1.69587668846361,0.389866116689518,3.40246972162277,1.28977741310373
2.46759452298284,0.701011996995658,2.13155181659386,1.89527188795619,3.09759407863021,1.42726844842546
2.87443957431242,1.27406805395149,1.91482936241664,1.24970374987461,2.87643729802221,0.932374178338796
2.11840797029436,0.406878965301439,1.68939887778834,1.81715361657552,3.28967834124342,1.8066292067524
1.11143508693203,1.28138174726628,1.00394326355308,1.33306221654639,1.02365277381614,0.947422109358013
2.8230966636911,0.956376462988555,1.3158768301364,1.22792237955146,1.92319191037677,0.982900672033429
1.26958271441981,1.10512322625145,2.55121549172327,1.81225908761844,3.93814229290001,1.48210938135162
1.27023547887802,1.69156831530854,2.13024786487222,0.755481508933008,2.72613599500619,0.839331056224182
2.94308012956753,1.06685578101315,1.13112219399773,1.19813115317374,1.97526388242841,1.98592184428126
1.97649237373844,0.207550801010802,3.28762474004179,0.303190510161221,1.09918311261572,1.24280801513232
1.8824341208674,1.89735206174664,2.69614485884085,0.69339750148356,2.59318554727361,1.2943732785061
2.80890944739804,1.45418431698345,2.66831800062209,0.747988621005788,3.19670018390752,1.94906219081022
2.29847500938922,0.472700211498886,1.54484991566278,1.86561787207611,1.918890632689,0.725923490151763
